source_id	target_id
EFO:0000768	DOID:0050156
EFO_0000768	DOID:0050156
EFO:0004270	DOID:0050425
EFO_0004270	DOID:0050425
EFO:0004276	DOID:0050426
EFO_0004276	DOID:0050426
EFO:0003767	DOID:0050589
EFO_0003767	DOID:0050589
EFO:0003768	DOID:0050742
EFO_0003768	DOID:0050742
EFO:0003872	DOID:0060180
EFO_0003872	DOID:0060180
EFO:1001951	DOID:0080199
EFO_1001951	DOID:0080199
EFO:0001357	DOID:0080917
EFO_0001357	DOID:0080917
EFO:0004799	DOID:10211
EFO_0004799	DOID:10211
EFO:0001054	DOID:1024
EFO_0001054	DOID:1024
EFO:0001663	DOID:10286
EFO_0001663	DOID:10286
EFO:0000095	DOID:1040
EFO_0000095	DOID:1040
EFO:0001060	DOID:10608
EFO_0001060	DOID:10608
EFO:0004190	DOID:1067
EFO_0004190	DOID:1067
EFO:0000537	DOID:10763
EFO_0000537	DOID:10763
EFO:0001365	DOID:10871
EFO_0001365	DOID:10871
EFO:0003888	DOID:1094
EFO_0003888	DOID:1094
EFO:0003870	DOID:10941
EFO_0003870	DOID:10941
EFO:0004254	DOID:10976
EFO_0004254	DOID:10976
EFO:0002916	DOID:1107
EFO_0002916	DOID:1107
EFO:0004895	DOID:11119
EFO_0004895	DOID:11119
EFO:0003882	DOID:11476
EFO_0003882	DOID:11476
EFO:0000660	DOID:11612
EFO_0000660	DOID:11612
EFO:0004593	DOID:11714
EFO_0004593	DOID:11714
EFO:0004207	DOID:11829
EFO_0004207	DOID:11829
EFO:0004226	DOID:11949
EFO_0004226	DOID:11949
EFO:0004213	DOID:12185
EFO_0004213	DOID:12185
EFO:0004267	DOID:12236
EFO_0004267	DOID:12236
EFO:0004208	DOID:12306
EFO_0004208	DOID:12306
EFO:0004237	DOID:12361
EFO_0004237	DOID:12361
EFO:0001068	DOID:12365
EFO_0001068	DOID:12365
EFO:0003758	DOID:12849
EFO_0003758	DOID:12849
EFO:0000407	DOID:12930
EFO_0000407	DOID:12930
EFO:0004216	DOID:12995
EFO_0004216	DOID:12995
EFO:0004236	DOID:1312
EFO_0004236	DOID:1312
EFO:0004274	DOID:13189
EFO_0004274	DOID:13189
EFO:0000731	DOID:13223
EFO_0000731	DOID:13223
EFO:0003780	DOID:13241
EFO_0003780	DOID:13241
EFO:0004246	DOID:13378
EFO_0004246	DOID:13378
EFO:0004235	DOID:13641
EFO_0004235	DOID:13641
EFO:0004230	DOID:1380
EFO_0004230	DOID:1380
EFO:0004232	DOID:13922
EFO_0004232	DOID:13922
EFO:0004282	DOID:14004
EFO_0004282	DOID:14004
EFO:0000195	DOID:14221
EFO_0000195	DOID:14221
EFO:0000279	DOID:14227
EFO_0000279	DOID:14227
EFO:0004268	DOID:14268
EFO_0004268	DOID:14268
EFO:0004705	DOID:1459
EFO_0004705	DOID:1459
EFO:0000707	DOID:1749
EFO_0000707	DOID:1749
EFO:0000474	DOID:1826
EFO_0000474	DOID:1826
EFO:0004234	DOID:1875
EFO_0004234	DOID:1875
EFO:0003047	DOID:1883
EFO_0003047	DOID:1883
EFO:0000756	DOID:1909
EFO_0000756	DOID:1909
EFO:0003914	DOID:1936
EFO_0003914	DOID:1936
EFO:0004197	DOID:2043
EFO_0004197	DOID:2043
EFO:0003819	DOID:216
EFO_0003819	DOID:216
EFO:0004272	DOID:2355
EFO_0004272	DOID:2355
EFO:0003929	DOID:2378
EFO_0003929	DOID:2378
EFO:0000677	DOID:2468
EFO_0000677	DOID:2468
EFO:0004193	DOID:2513
EFO_0004193	DOID:2513
EFO:0001065	DOID:289
EFO_0001065	DOID:289
EFO:0000540	DOID:2914
EFO_0000540	DOID:2914
EFO:0004194	DOID:2986
EFO_0004194	DOID:2986
EFO:0000341	DOID:3083
EFO_0000341	DOID:3083
EFO:0000274	DOID:3310
EFO_0000274	DOID:3310
EFO:0004247	DOID:3324
EFO_0004247	DOID:3324
EFO:0001645	DOID:3393
EFO_0001645	DOID:3393
EFO:0000305	DOID:3459
EFO_0000305	DOID:3459
EFO:0000326	DOID:3620
EFO_0000326	DOID:3620
EFO:0001071	DOID:3905
EFO_0001071	DOID:3905
EFO:0003060	DOID:3908
EFO_0003060	DOID:3908
EFO:0000571	DOID:3910
EFO_0000571	DOID:3910
EFO:0002892	DOID:3963
EFO_0002892	DOID:3963
EFO:0001075	DOID:4001
EFO_0001075	DOID:4001
EFO:0000717	DOID:418
EFO_0000717	DOID:418
EFO:0000681	DOID:4450
EFO_0000681	DOID:4450
EFO:0003956	DOID:4481
EFO_0003956	DOID:4481
EFO:0002618	DOID:4905
EFO_0002618	DOID:4905
EFO:0004251	DOID:4960
EFO_0004251	DOID:4960
EFO:0000278	DOID:4989
EFO_0000278	DOID:4989
EFO:0001422	DOID:5082
EFO_0001422	DOID:5082
EFO:0004261	DOID:5408
EFO_0004261	DOID:5408
EFO:0000178	DOID:5517
EFO_0000178	DOID:5517
EFO:0003086	DOID:557
EFO_0003086	DOID:557
EFO:0000612	DOID:5844
EFO_0000612	DOID:5844
EFO:0004253	DOID:585
EFO_0004253	DOID:585
EFO:0004262	DOID:594
EFO_0004262	DOID:594
EFO:0000765	DOID:635
EFO_0000765	DOID:635
EFO:0000200	DOID:6536
EFO_0000200	DOID:6536
EFO:0000712	DOID:6713
EFO_0000712	DOID:6713
EFO:0000182	DOID:684
EFO_0000182	DOID:684
EFO:0000096	DOID:706
EFO_0000096	DOID:706
EFO:0003898	DOID:7147
EFO_0003898	DOID:7147
EFO:0000685	DOID:7148
EFO_0000685	DOID:7148
EFO:0000621	DOID:769
EFO_0000621	DOID:769
EFO:0004214	DOID:7693
EFO_0004214	DOID:7693
EFO:0000649	DOID:824
EFO_0000649	DOID:824
EFO:0000339	DOID:8552
EFO_0000339	DOID:8552
EFO:0000183	DOID:8567
EFO_0000183	DOID:8567
EFO:0000729	DOID:8577
EFO_0000729	DOID:8577
EFO:0000384	DOID:8778
EFO_0000384	DOID:8778
EFO:0004256	DOID:8869
EFO_0004256	DOID:8869
EFO:0000676	DOID:8893
EFO_0000676	DOID:8893
EFO:0004994	DOID:90
EFO_0004994	DOID:90
EFO:0003778	DOID:9008
EFO_0003778	DOID:9008
EFO:0000280	DOID:9206
EFO_0000280	DOID:9206
EFO:0003959	DOID:9296
EFO_0003959	DOID:9296
EFO:0001378	DOID:9538
EFO_0001378	DOID:9538
EFO:0004192	DOID:986
EFO_0004192	DOID:986
EFO:0000220	DOID:9952
EFO_0000220	DOID:9952
EFO:0001073	DOID:9970
EFO_0001073	DOID:9970
