annotation_id,gene,drug,variant,evidence_level,types,source_database
PA166134613,VKORC1,warfarin,rs104894541,3,Dosage,ClinPGx
PA166134612,VKORC1,warfarin,rs104894540,3,Dosage,ClinPGx
PA166134611,VKORC1,warfarin,rs104894539,3,Dosage,ClinPGx
PA166134726,VKORC1,warfarin,rs17880887,3,Dosage,ClinPGx
PA166134805,CYP2C9,warfarin,rs7089580,3,Dosage,ClinPGx
PA166134870,NQO1,warfarin,rs1800566,3,Dosage,ClinPGx
PA166134873,VKORC1,warfarin,rs61162043,3,Dosage,ClinPGx
PA166134614,VKORC1,warfarin,rs104894542,3,Dosage,ClinPGx
PA166134599,CYP2C9,warfarin,"CYP2C9*1, CYP2C9*2, CYP2C9*3, CYP2C9*4, CYP2C9*5, CYP2C9*6, CYP2C9*8, CYP2C9*11",1A,Dosage,ClinPGx
PA166134798,CYP2C9,warfarin,rs9332096,3,Dosage,ClinPGx
PA166134867,CYP2C9,warfarin,rs10509680,3,Dosage,ClinPGx
PA166134868,VKORC1,warfarin,rs11150606,3,Dosage,ClinPGx
PA166134872,CYP2C9,warfarin,rs4917639,3,Dosage,ClinPGx
PA166134487,GGCX,warfarin,rs12714145,4,Dosage,ClinPGx
PA166134727,VKORC1,warfarin,rs2884737,2A,Dosage,ClinPGx
PA166134869,PRSS53; VKORC1,warfarin,rs17886199,3,Dosage,ClinPGx
PA166134056,EPHX1,warfarin,rs1131873,4,Dosage,ClinPGx
PA166134063,CALU,warfarin,rs339097,3,Dosage,ClinPGx
PA166134156,VKORC1,warfarin,rs7294,1B,Dosage,ClinPGx
PA166134157,VKORC1,warfarin,rs17708472,4,Dosage,ClinPGx
PA166134208,VKORC1,warfarin,rs9923231,1A,Dosage,ClinPGx
PA166134209,STX4,warfarin,rs10871454,3,Dosage,ClinPGx
PA166134210,VKORC1,warfarin,rs2359612,1B,Dosage,ClinPGx
PA166134211,VKORC1,warfarin,rs8050894,1B,Dosage,ClinPGx
PA166134655,,warfarin,rs12777823,1A,Dosage,ClinPGx
PA166134267,VKORC1,warfarin,rs9934438,1B,Dosage,ClinPGx
PA166134268,CYP4F2,warfarin,rs2108622,1A,Dosage,ClinPGx
PA166135419,VKORC1,warfarin,rs61742245,2A,Dosage,ClinPGx
PA166136080,NR1I3,warfarin,rs2501873,4,Dosage,ClinPGx
PA166135754,THBD,warfarin,rs1042580,3,Toxicity,ClinPGx
PA166135775,EPHX1,warfarin,rs1877724,3,Dosage,ClinPGx
PA166135814,HNF4A,warfarin,rs3212198,3,Dosage,ClinPGx
PA166135934,NQO1,warfarin,rs10517,3,Dosage,ClinPGx
PA166136426,GGCX,warfarin,rs699664,4,Dosage,ClinPGx
PA166135993,NQO1,warfarin,rs1800566,4,Dosage,ClinPGx
PA166136478,APOE,warfarin,rs7412,3,Efficacy,ClinPGx
PA166135590,VKORC1,warfarin,rs7196161,3,Dosage,ClinPGx
PA166135637,VKORC1,warfarin,rs7200749,3,Dosage,ClinPGx
PA166136304,CYP4F2,warfarin,rs2189784,3,Dosage,ClinPGx
PA166136352,CYP2C9,warfarin,"CYP2C9*1, CYP2C9*59",3,Dosage,ClinPGx
PA166136482,CYP2C9,warfarin,"CYP2C9*1, CYP2C9*2, CYP2C9*3, CYP2C9*5, CYP2C9*6, CYP2C9*11",1A,Toxicity,ClinPGx
PA166135591,VKORC1,warfarin,rs9923231,2A,Efficacy,ClinPGx
PA166135969,VKORC1,warfarin,rs9923231,1B,Toxicity,ClinPGx
PA166136483,VKORC1,warfarin,rs9923231,2A,Efficacy,ClinPGx
PA166136484,VKORC1,warfarin,rs9934438,3,Efficacy,ClinPGx
PA166136233,GGCX,warfarin,rs2592551,3,Dosage,ClinPGx
PA166135968,CYP2C9,warfarin,"CYP2C9*1, CYP2C9*2, CYP2C9*3",4,Efficacy,ClinPGx
PA166136480,CYP2C9,warfarin,"CYP2C9*1, CYP2C9*2, CYP2C9*3",4,Efficacy,ClinPGx
PA166136479,CYP2C9,warfarin,"CYP2C9*1, CYP2C9*2, CYP2C9*3, CYP2C9*13, CYP2C9*14",2A,Efficacy,ClinPGx
PA166136481,CYP2C9,warfarin,"CYP2C9*1, CYP2C9*2, CYP2C9*3, CYP2C9*5, CYP2C9*6, CYP2C9*11",1A,Toxicity,ClinPGx
PA166134765,VKORC1,warfarin,rs9934438,3,Efficacy,ClinPGx
PA166160466,GGCX,warfarin,rs699664,3,Efficacy,ClinPGx
PA166162591,STX1B,warfarin,rs4889606,3,Efficacy,ClinPGx
PA166160020,POR,warfarin,rs41301394,3,Dosage,ClinPGx
PA166161473,UGT1A1,warfarin,rs887829,3,Dosage,ClinPGx
PA166178334,CYP4F2,warfarin,rs2108622,4,Other,ClinPGx
PA166178354,VKORC1,warfarin,rs9923231,2A,Toxicity,ClinPGx
PA166179550,ABCB1,warfarin,rs1045642,4,Dosage,ClinPGx
PA166134871,CYP2C9,warfarin,rs4918758,3,Dosage,ClinPGx
PA166134026,FPGS,warfarin,rs7856096,3,Dosage,ClinPGx
PA166159564,CYP2C19,warfarin,"CYP2C19*1, CYP2C19*2, CYP2C19*3",3,Dosage,ClinPGx
PA166160467,GGCX,warfarin,rs11676382,3,Efficacy,ClinPGx
PA166176715,GATA4,warfarin,rs2645400,3,Dosage,ClinPGx
PA166176716,GATA4,warfarin,rs4841588,3,Dosage,ClinPGx
PA166176717,VDR,warfarin,rs11168292,3,Dosage,ClinPGx
PA166176718,VDR,warfarin,rs11168293,3,Dosage,ClinPGx
PA166176719,VDR,warfarin,rs4760658,3,Dosage,ClinPGx
PA166178355,APOE,acenocoumarol; warfarin,rs429358,3,Toxicity,ClinPGx
PA166153453,GGCX,warfarin,rs11676382,3,Dosage,ClinPGx
PA166158962,CYP2C19,warfarin,rs3814637,3,Dosage,ClinPGx
PA166160872,STX1B,warfarin,rs72800847,3,Dosage,ClinPGx
PA166160873,CYP1A1,warfarin,rs3826041,3,Dosage,ClinPGx
PA166160874,DNMT3A,warfarin,rs2304429,3,Dosage,ClinPGx
PA166165123,CYP4F11,warfarin,rs1060467,3,Dosage,ClinPGx
PA166160030,DDHD1,warfarin,rs17126068,3,Dosage,ClinPGx
PA166160031,NEDD4,warfarin,rs2288344,3,Dosage,ClinPGx
PA166160035,ASPH,warfarin,rs4379440,3,Efficacy,ClinPGx
PA166160464,CYP4F2,warfarin,rs2108622,3,Efficacy,ClinPGx
PA166160465,GGCX,warfarin,rs11676382,3,Efficacy,ClinPGx
PA166170889,VKORC1L1,warfarin,rs4072879,3,Dosage,ClinPGx
PA166191361,APOE,warfarin,rs429358,3,Efficacy,ClinPGx
PA166198241,APOB,warfarin,rs1367117,3,Toxicity,ClinPGx
PA166198206,APOB,warfarin,rs679899,3,Toxicity,ClinPGx
PA166209901,CYP2C9,warfarin,rs780801862,3,Metabolism/PK,ClinPGx
PA166209921,CYP2C9,warfarin,"CYP2C9*1, CYP2C9*29",3,Metabolism/PK,ClinPGx
PA166223681,EPHA7,warfarin,rs78132896,3,Toxicity,ClinPGx
PA166226321,CYP2C19,warfarin,rs3814637,3,Toxicity,ClinPGx
PA166232081,VKORC1,warfarin,rs72547529,3,Dosage; Efficacy,ClinPGx
PA166256021,NQO1,warfarin,rs1800566,3,Efficacy,ClinPGx
PA166256001,NQO1,warfarin,rs1800566,3,Toxicity,ClinPGx
PA166134678,NOS3,aspirin; Beta Blocking Agents; clopidogrel; HMG-CoA reductase inhibitors,rs1799983,3,Toxicity,ClinPGx
PA166134736,ITGB3,clopidogrel,rs5918,3,Efficacy,ClinPGx
PA166134737,ITGA2,aspirin; clopidogrel,rs1126643,3,Efficacy,ClinPGx
PA166134740,CYP3A4,clopidogrel,rs2242480,4,Efficacy,ClinPGx
PA166134741,CYP2C9,clopidogrel,"CYP2C9*1, CYP2C9*2, CYP2C9*3",4,Efficacy,ClinPGx
PA166134749,P2RY12,clopidogrel,rs6785930,4,Efficacy; Toxicity,ClinPGx
PA166134797,CYP2C19,clopidogrel,"CYP2C19*1, CYP2C19*2, CYP2C19*3, CYP2C19*8, CYP2C19*10, CYP2C19*17, CYP2C19*19, CYP2C19*25, CYP2C19*26",1A,Metabolism/PK,ClinPGx
PA166134822,PTGS1,aspirin; clopidogrel,rs10306114,3,Efficacy,ClinPGx
PA166134662,CES1,clopidogrel,rs71647871,2B,Metabolism/PK,ClinPGx
PA166134677,P2RY12,clopidogrel,rs6809699,3,Efficacy,ClinPGx
PA166134820,P2RY12,clopidogrel,rs6787801,3,Efficacy,ClinPGx
PA166134825,CYP2B6,clopidogrel,"CYP2B6*1, CYP2B6*5",3,Efficacy,ClinPGx
PA166134552,ABCB1,clopidogrel,rs1045642,3,Efficacy; Toxicity; Metabolism/PK,ClinPGx
PA166134821,ITGA2,aspirin; clopidogrel,rs1062535,3,Efficacy,ClinPGx
PA166134482,P2RY12,clopidogrel,rs2046934,4,Efficacy,ClinPGx
PA166134494,PON1,clopidogrel,rs662,4,Efficacy; Toxicity,ClinPGx
PA166134659,CYP1A2,clopidogrel,rs762551,3,Efficacy,ClinPGx
PA166135474,CES1P1,clopidogrel,rs3785161,3,Efficacy,ClinPGx
PA166135312,PEAR1,aspirin; clopidogrel,rs12041331,3,Efficacy; Toxicity,ClinPGx
PA166136301,,clopidogrel,rs342293,3,Efficacy,ClinPGx
PA166151973,IRS1,clopidogrel,rs13431554,3,Efficacy,ClinPGx
PA166136037,CYP2C19,clopidogrel,"CYP2C19*1, CYP2C19*14, CYP2C19*23",3,Metabolism/PK,ClinPGx
PA166135782,CYP4F2,aspirin; clopidogrel,rs2108622,3,Other,ClinPGx
PA166163651,ABCB1,clopidogrel,rs1045642,3,Toxicity,ClinPGx
PA166163681,ABCB1,clopidogrel,rs1045642,4,Efficacy,ClinPGx
PA166170764,ABCB1,clopidogrel,rs1128503,3,Efficacy,ClinPGx
PA166170790,CES1,clopidogrel,rs2307240,3,Efficacy,ClinPGx
PA166162330,CES1,clopidogrel,rs8192950,3,Efficacy,ClinPGx
PA166165194,ABCB1,clopidogrel,rs2032582,3,Toxicity,ClinPGx
PA166160430,B4GALT2,clopidogrel,rs1061781,3,Efficacy,ClinPGx
PA166163574,PEAR1,clopidogrel,rs41273215,3,Efficacy,ClinPGx
PA166163136,P2RY12,clopidogrel,rs3732759,3,Efficacy,ClinPGx
PA166164932,N6AMT1,clopidogrel,rs2254638,3,Efficacy,ClinPGx
PA166159662,PTGS1,clopidogrel,rs1330344,3,Efficacy,ClinPGx
PA166159665,P2RY12,clopidogrel,rs2046934,3,Efficacy,ClinPGx
PA166163575,PEAR1,clopidogrel,rs57731889,3,Efficacy,ClinPGx
PA166177455,CYP2C19,clopidogrel,rs11568732,3,Toxicity,ClinPGx
PA166185371,PEAR1,aspirin; clopidogrel; prasugrel,rs12041331,3,Efficacy,ClinPGx
PA166225621,CYP2C19,clopidogrel,"CYP2C19*1, CYP2C19*2, CYP2C19*3, CYP2C19*17",1A,Efficacy,ClinPGx
PA166225641,CYP2C19,clopidogrel,"CYP2C19*1, CYP2C19*2, CYP2C19*3, CYP2C19*4, CYP2C19*5, CYP2C19*6, CYP2C19*8, CYP2C19*17",1A,Efficacy; Toxicity,ClinPGx
PA166222461,CES1,clopidogrel,rs71647871,2B,Efficacy,ClinPGx
PA166134362,CYP2C19,clopidogrel,"CYP2C19*1, CYP2C19*17",3,Toxicity,ClinPGx
PA166200941,CES1,clopidogrel,rs778068631,3,Metabolism/PK,ClinPGx
PA166268621,JMJD8; WDR24,aspirin; clopidogrel,rs11640115,3,Efficacy,ClinPGx
PA166268641,EFR3A,aspirin; clopidogrel,rs4736529,3,Efficacy,ClinPGx
PA166268661,NECAB1,aspirin; clopidogrel,rs74569896,3,Efficacy,ClinPGx
PA166268681,AGAP3,aspirin; clopidogrel,rs75750968,3,Efficacy,ClinPGx
PA166268721,ECHS1,aspirin; clopidogrel,rs140410716,3,Efficacy,ClinPGx
PA166269002,MYOM2,aspirin; clopidogrel,rs17064642,3,Efficacy,ClinPGx
PA166268701,ZDHHC3,aspirin; clopidogrel,rs3749187,3,Efficacy,ClinPGx
PA166268722,KRTAP10-4; TSPEAR,aspirin; clopidogrel,rs201441480,3,Efficacy,ClinPGx
PA166162372,PEAR1,ticagrelor,rs12566888,3,Efficacy,ClinPGx
PA166162373,PEAR1,ticagrelor,rs12041331,3,Efficacy,ClinPGx
PA166162374,PEAR1,ticagrelor,rs4661012,3,Efficacy,ClinPGx
PA166158965,UGT2B7,ticagrelor,rs61361928,3,Metabolism/PK,ClinPGx
PA166158967,CYP3A4,ticagrelor,rs56324128,3,Metabolism/PK,ClinPGx
PA166158968,CYP3A43,ticagrelor,rs62471956,3,Metabolism/PK,ClinPGx
PA166158969,SLCO1B1,ticagrelor,rs4149056,3,Metabolism/PK,ClinPGx
PA166158970,SLCO1B1,ticagrelor,rs113681054,3,Metabolism/PK,ClinPGx
PA166134752,CYP2C19,prasugrel,rs4244285,3,Efficacy,ClinPGx
PA166135137,PEAR1,prasugrel,rs12407843,3,Efficacy,ClinPGx
PA166135138,PEAR1,prasugrel,rs77235035,3,Efficacy,ClinPGx
PA166135195,PEAR1,prasugrel,rs3737224,3,Efficacy,ClinPGx
PA166135196,PEAR1,prasugrel,rs41273215,3,Efficacy,ClinPGx
PA166135197,PEAR1,prasugrel,rs822441,3,Efficacy,ClinPGx
PA166135198,PEAR1,prasugrel,rs822442,3,Efficacy,ClinPGx
PA166135744,CYP2C19,prasugrel,"CYP2C19*1, CYP2C19*17",3,Toxicity,ClinPGx
PA166185371,PEAR1,aspirin; clopidogrel; prasugrel,rs12041331,3,Efficacy,ClinPGx
PA166185372,NTRK1; PEAR1,aspirin; prasugrel,rs2768759,3,Efficacy,ClinPGx
PA166134743,LEPR,simvastatin,rs1137101,3,Efficacy,ClinPGx
PA166134851,CETP,simvastatin,rs708272,4,Efficacy,ClinPGx
PA166134939,ABCG2,simvastatin,rs2231142,3,Metabolism/PK,ClinPGx
PA166134969,CYBA,simvastatin,rs4673,3,Other,ClinPGx
PA166134980,HMGCR,simvastatin,rs17238540,3,Efficacy,ClinPGx
PA166134988,F3,simvastatin,rs3917643,3,Efficacy,ClinPGx
PA166134998,ABCA1,atorvastatin; pravastatin; simvastatin,rs12003906,3,Efficacy,ClinPGx
PA166134742,LEPR,simvastatin,rs1137101,3,Efficacy,ClinPGx
PA166134875,SCAP,simvastatin,rs12487736,3,Efficacy,ClinPGx
PA166134931,ABCB1,simvastatin,rs2032582,3,Toxicity,ClinPGx
PA166134960,CYP3A5,simvastatin,rs776746,4,Other,ClinPGx
PA166134967,CYP3A4,simvastatin,"CYP3A4*1, CYP3A4*4",3,Efficacy,ClinPGx
PA166134975,CETP,simvastatin,rs5882,3,Efficacy,ClinPGx
PA166134982,HMGCR,simvastatin,rs17244841,3,Efficacy,ClinPGx
PA166134991,APOA5,atorvastatin; lovastatin; simvastatin,rs662799,3,Efficacy,ClinPGx
PA166134921,ABCB1,simvastatin,rs1045642,4,Efficacy,ClinPGx
PA166134922,ABCB1,simvastatin,rs1045642,3,Toxicity,ClinPGx
PA166134930,ABCB1,simvastatin,rs2032582,3,Efficacy,ClinPGx
PA166134118,SLCO1B1,simvastatin,rs4149056,1A,Toxicity,ClinPGx
PA166134138,HMGCR,pravastatin; simvastatin,rs17244841,3,Efficacy,ClinPGx
PA166134139,HMGCR,atorvastatin; fluvastatin; HMG-CoA reductase inhibitors; lovastatin; pravastatin; simvastatin,rs17238540,3,Efficacy,ClinPGx
PA166134231,HMGCR,simvastatin,rs3846662,3,Other,ClinPGx
PA166134264,HTR3B,atorvastatin; pravastatin; simvastatin,rs2276307,3,Toxicity,ClinPGx
PA166134273,HTR7,atorvastatin; HMG-CoA reductase inhibitors; pravastatin; simvastatin,rs1935349,3,Toxicity,ClinPGx
PA166135242,PPARA,simvastatin,rs4823613,3,Efficacy,ClinPGx
PA166135243,PPARA,simvastatin,rs4253728,3,Efficacy,ClinPGx
PA166135275,GATM,HMG-CoA reductase inhibitors; simvastatin,rs9806699,4,Toxicity,ClinPGx
PA166135435,ABCC2,atorvastatin; simvastatin,rs717620,3,Dosage,ClinPGx
PA166135277,,simvastatin,rs1346268,3,Toxicity,ClinPGx
PA166152789,LIPC,fluvastatin; simvastatin,rs1800588,3,Efficacy,ClinPGx
PA166136435,CYP3A4,simvastatin,"CYP3A4*1, CYP3A4*22",3,Metabolism/PK,ClinPGx
PA166134999,APOE,simvastatin,rs429358,3,Efficacy,ClinPGx
PA166152794,PON1,atorvastatin; simvastatin,rs662,3,Efficacy,ClinPGx
PA166152795,PON1,atorvastatin; simvastatin,rs705379,3,Efficacy,ClinPGx
PA166152798,ABCB1,simvastatin,rs1128503,3,Toxicity,ClinPGx
PA166135806,SLCO1B1,simvastatin,rs4149081,3,Efficacy,ClinPGx
PA166152797,ABCB1,simvastatin,rs1128503,3,Efficacy,ClinPGx
PA166152819,RHOA,pravastatin; simvastatin,rs11716445,3,Efficacy,ClinPGx
PA166135641,UGT1A9,simvastatin,rs2003569,3,Efficacy,ClinPGx
PA166135818,CYP3A4,simvastatin,rs35599367,4,Efficacy,ClinPGx
PA166153193,RYR2,atorvastatin; simvastatin,rs2819742,3,Toxicity,ClinPGx
PA166163537,HLA-DRB1,atorvastatin; fluvastatin; HMG-CoA reductase inhibitors; pravastatin; rosuvastatin; simvastatin,"HLA-DRB1*01:01, HLA-DRB1*04:06",3,Toxicity,ClinPGx
PA166180824,KIF6,simvastatin,rs20455,3,Efficacy,ClinPGx
PA166153043,,simvastatin,rs6924995,3,Efficacy,ClinPGx
PA166135642,SLCO1B1,simvastatin,rs4363657,4,Toxicity,ClinPGx
PA166152864,CYP3A4,atorvastatin; simvastatin,rs2740574,3,Dosage,ClinPGx
PA166221601,HMGCR,simvastatin,rs17244841,3,Efficacy,ClinPGx
PA166233121,SLCO1B1,simvastatin,rs4149056,3,Efficacy,ClinPGx
PA166237842,ABCA1,simvastatin,rs2230806,3,Efficacy,ClinPGx
PA166237901,CYP2D6,simvastatin,"CYP2D6*1, CYP2D6*3, CYP2D6*4",3,Efficacy,ClinPGx
PA166251641,SLCO1B1,simvastatin,"SLCO1B1*1, SLCO1B1*5, SLCO1B1*15",1A,Toxicity,ClinPGx
PA166258262,,simvastatin,rs76103438,3,Toxicity,ClinPGx
PA166178984,SLCO1B1,simvastatin; simvastatin acid,rs4149056,1A,Metabolism/PK,ClinPGx
PA166263841,SLCO1B1,simvastatin; simvastatin acid,"SLCO1B1*1, SLCO1B1*5, SLCO1B1*15",1A,Metabolism/PK,ClinPGx
PA166332743,SLCO1B1,simvastatin,rs2306283,4,Efficacy,ClinPGx
PA166134630,COQ2,atorvastatin; HMG-CoA reductase inhibitors; rosuvastatin,rs4693075,3,Toxicity,ClinPGx
PA166134631,COQ2,atorvastatin; HMG-CoA reductase inhibitors; rosuvastatin,rs6535454,3,Toxicity,ClinPGx
PA166134858,ACE,atorvastatin; quinapril,rs1799752,3,Efficacy,ClinPGx
PA166134885,SLCO1B1,atorvastatin,"SLCO1B1*1, SLCO1B1*5, SLCO1B1*15, SLCO1B1*37",1A,Metabolism/PK,ClinPGx
PA166134911,MTTP,atorvastatin,rs1800591,3,Efficacy,ClinPGx
PA166134918,ABCB1,atorvastatin,rs1045642,3,Efficacy,ClinPGx
PA166134929,ABCB1,atorvastatin,rs2032582,3,Efficacy,ClinPGx
PA166134965,CYP3A5,atorvastatin,"CYP3A5*1, CYP3A5*3",3,Efficacy; Toxicity,ClinPGx
PA166134987,TNF,atorvastatin,rs1800629,3,Other,ClinPGx
PA166134998,ABCA1,atorvastatin; pravastatin; simvastatin,rs12003906,3,Efficacy,ClinPGx
PA166135000,SCARB1,atorvastatin,rs5888,3,Efficacy,ClinPGx
PA166134621,SLCO1B1,atorvastatin; rifampin,rs4149056,3,Metabolism/PK,ClinPGx
PA166134852,CETP,atorvastatin,rs708272,4,Efficacy; Toxicity,ClinPGx
PA166134876,SCAP,atorvastatin,rs12487736,4,Other,ClinPGx
PA166134901,CYP7A1,atorvastatin,rs3808607,3,Efficacy,ClinPGx
PA166134900,SLCO1B1,atorvastatin,rs4149056,1A,Toxicity,ClinPGx
PA166134935,ABCG2,atorvastatin,rs2231142,3,Other,ClinPGx
PA166134957,ABCG8,atorvastatin,rs11887534,3,Efficacy,ClinPGx
PA166134958,CYP3A5,atorvastatin,rs776746,3,Efficacy,ClinPGx
PA166134962,CYP3A5,atorvastatin,rs17161788,3,Efficacy,ClinPGx
PA166134991,APOA5,atorvastatin; lovastatin; simvastatin,rs662799,3,Efficacy,ClinPGx
PA166134884,SLCO1B1,atorvastatin,rs2306283,4,Efficacy,ClinPGx
PA166134899,UGT1A3,atorvastatin,"UGT1A3*1, UGT1A3*2",3,Efficacy,ClinPGx
PA166134920,ABCB1,atorvastatin,rs1045642,3,Toxicity,ClinPGx
PA166134139,HMGCR,atorvastatin; fluvastatin; HMG-CoA reductase inhibitors; lovastatin; pravastatin; simvastatin,rs17238540,3,Efficacy,ClinPGx
PA166134264,HTR3B,atorvastatin; pravastatin; simvastatin,rs2276307,3,Toxicity,ClinPGx
PA166134273,HTR7,atorvastatin; HMG-CoA reductase inhibitors; pravastatin; simvastatin,rs1935349,3,Toxicity,ClinPGx
PA166135435,ABCC2,atorvastatin; simvastatin,rs717620,3,Dosage,ClinPGx
PA166134997,APOE,atorvastatin,rs7412,2B,Efficacy,ClinPGx
PA166136389,POR,atorvastatin,rs1057868,3,Efficacy,ClinPGx
PA166135849,SLCO1B1,atorvastatin,rs4149036,3,Efficacy,ClinPGx
PA166152794,PON1,atorvastatin; simvastatin,rs662,3,Efficacy,ClinPGx
PA166152795,PON1,atorvastatin; simvastatin,rs705379,3,Efficacy,ClinPGx
PA166152808,LEPR,atorvastatin,rs1805094,3,Efficacy,ClinPGx
PA166135563,MYLIP,atorvastatin,rs9370867,3,Efficacy,ClinPGx
PA166135878,FDPS,atorvastatin; Bisphosphonates,rs11264359,3,Efficacy,ClinPGx
PA166136456,FDPS,atorvastatin,rs2297480,3,Other,ClinPGx
PA166136517,HMGCR,atorvastatin,rs17671591,3,Efficacy,ClinPGx
PA166153193,RYR2,atorvastatin; simvastatin,rs2819742,3,Toxicity,ClinPGx
PA166163537,HLA-DRB1,atorvastatin; fluvastatin; HMG-CoA reductase inhibitors; pravastatin; rosuvastatin; simvastatin,"HLA-DRB1*01:01, HLA-DRB1*04:06",3,Toxicity,ClinPGx
PA166177460,BDKRB2,atorvastatin,rs1799722,3,Metabolism/PK,ClinPGx
PA166152870,PON1,atorvastatin,rs705379,3,Efficacy,ClinPGx
PA166134978,KIF6,atorvastatin,rs20455,3,Efficacy,ClinPGx
PA166177459,AGTR1,atorvastatin,rs5186,3,Metabolism/PK,ClinPGx
PA166152864,CYP3A4,atorvastatin; simvastatin,rs2740574,3,Dosage,ClinPGx
PA166159258,ABCB1,atorvastatin,rs2032582,3,Toxicity,ClinPGx
PA166177492,ABCC2,atorvastatin,rs717620,3,Efficacy,ClinPGx
PA166221701,SLCO1B1,atorvastatin,rs4149056,1A,Metabolism/PK,ClinPGx
PA166237821,ABCA1,atorvastatin,rs2230806,3,Efficacy,ClinPGx
PA166237861,CYP2D6,atorvastatin,"CYP2D6*1, CYP2D6*3, CYP2D6*4",3,Efficacy,ClinPGx
PA166263262,SLCO1B1,atorvastatin,"SLCO1B1*1, SLCO1B1*5, SLCO1B1*15",1A,Toxicity,ClinPGx
PA166286762,CYP3A4,atorvastatin,rs2242480,3,Efficacy,ClinPGx
PA166305321,ABCG2,atorvastatin,rs2231142,3,Toxicity,ClinPGx
PA166332942,SLCO1B1,atorvastatin,rs4149056,4,Efficacy,ClinPGx
PA166134630,COQ2,atorvastatin; HMG-CoA reductase inhibitors; rosuvastatin,rs4693075,3,Toxicity,ClinPGx
PA166134631,COQ2,atorvastatin; HMG-CoA reductase inhibitors; rosuvastatin,rs6535454,3,Toxicity,ClinPGx
PA166134942,SLCO1B1,rosuvastatin,rs4149081,3,Efficacy,ClinPGx
PA166134622,SLCO1B1,rosuvastatin,rs4149056,1A,Metabolism/PK,ClinPGx
PA166134933,ABCG2,rosuvastatin,rs2231142,2A,Efficacy,ClinPGx
PA166134893,SLCO1B1,rosuvastatin,"SLCO1B1*1, SLCO1B1*5, SLCO1B1*9, SLCO1B1*14, SLCO1B1*15, SLCO1B1*37",1A,Metabolism/PK,ClinPGx
PA166136299,FMO3,rosuvastatin,rs1736557,3,Efficacy,ClinPGx
PA166163537,HLA-DRB1,atorvastatin; fluvastatin; HMG-CoA reductase inhibitors; pravastatin; rosuvastatin; simvastatin,"HLA-DRB1*01:01, HLA-DRB1*04:06",3,Toxicity,ClinPGx
PA166180825,KIF6,rosuvastatin,rs20455,3,Efficacy,ClinPGx
PA166159235,CRP,rosuvastatin,rs1205,3,Efficacy,ClinPGx
PA166159236,,rosuvastatin,rs2808630,3,Efficacy,ClinPGx
PA166134961,CYP3A5,rosuvastatin,rs776746,3,Efficacy,ClinPGx
PA166221961,LPA,rosuvastatin,rs10455872,3,Efficacy,ClinPGx
PA166233441,SLCO1B1,rosuvastatin,rs4149056,1A,Toxicity,ClinPGx
PA166233921,SLCO1B1,rosuvastatin,rs4149056,4,Efficacy,ClinPGx
PA166237841,ABCA1,rosuvastatin,rs2230806,3,Efficacy,ClinPGx
PA166237881,CYP2D6,rosuvastatin,"CYP2D6*1, CYP2D6*3, CYP2D6*4",3,Efficacy,ClinPGx
PA166237903,CETP,rosuvastatin,rs708272,3,Efficacy,ClinPGx
PA166237904,CETP,rosuvastatin,rs5882,3,Efficacy,ClinPGx
PA166244382,SLCO2B1,rosuvastatin,rs12422149,3,Efficacy,ClinPGx
PA166261881,ABCG2,rosuvastatin,rs2231142,1A,Metabolism/PK,ClinPGx
PA166263341,SLCO1B1,rosuvastatin,"SLCO1B1*1, SLCO1B1*5, SLCO1B1*15",1A,Toxicity,ClinPGx
PA166263361,ABCG2,rosuvastatin,rs2231142,1A,Toxicity,ClinPGx
PA166343664,ABCG2,rosuvastatin,rs2199936,3,Efficacy,ClinPGx
PA166134447,GRK4,metoprolol,rs1024323,3,Efficacy,ClinPGx
PA166134270,ADRB1,metoprolol,rs1801252,3,Efficacy,ClinPGx
PA166134419,ADRB1,metoprolol,rs1801253,3,Efficacy,ClinPGx
PA166134260,CYP2D6,metoprolol,rs5030655,3,Efficacy,ClinPGx
PA166134261,CYP2D6,metoprolol,rs3892097,3,Efficacy,ClinPGx
PA166152669,ADRB2,atenolol; metoprolol,rs1042714,3,Toxicity,ClinPGx
PA166136006,LRRC15,metoprolol,rs11313667,3,Efficacy,ClinPGx
PA166152849,GRK4,metoprolol,rs1801058,3,Efficacy,ClinPGx
PA166136002,SLC25A31,atenolol; hydrochlorothiazide; metoprolol,rs201279313,3,Efficacy,ClinPGx
PA166182828,CYP2D6,metoprolol,"CYP2D6*1, CYP2D6*4",1A,Dosage,ClinPGx
PA166135991,CYP2D6,metoprolol,"CYP2D6*1, CYP2D6*2, CYP2D6*3, CYP2D6*4, CYP2D6*5, CYP2D6*6, CYP2D6*9, CYP2D6*10, CYP2D6*17, CYP2D6*29, CYP2D6*31, CYP2D6*35, CYP2D6*41",1A,Metabolism/PK,ClinPGx
PA166196801,SLC4A1,atenolol; metoprolol,rs45545233,3,Efficacy,ClinPGx
PA166196802,,atenolol; metoprolol,rs294610,3,Efficacy,ClinPGx
PA166197063,ADRB2,atenolol; metoprolol,rs1042713,3,Efficacy,ClinPGx
PA166197101,ADRB2,atenolol; metoprolol,rs1042714,3,Efficacy,ClinPGx
PA166199181,,metoprolol,rs1446468,3,Efficacy,ClinPGx
PA166241441,CYP2D6,metoprolol,"CYP2D6*1, CYP2D6*45, CYP2D6*46",3,Metabolism/PK,ClinPGx
PA166134042,ADRB2,carvedilol,rs1042714,3,Efficacy,ClinPGx
PA166135130,CYP2D6,carvedilol,"CYP2D6*1, CYP2D6*2, CYP2D6*3, CYP2D6*4, CYP2D6*5, CYP2D6*6, CYP2D6*10",3,Metabolism/PK,ClinPGx
PA166135371,UGT1A1,carvedilol,rs4148323,3,Other,ClinPGx
PA166180258,CYP2D6,carvedilol,"CYP2D6*1, CYP2D6*3, CYP2D6*4, CYP2D6*10",3,Dosage,ClinPGx
PA166216541,UGT1A1,carvedilol,"UGT1A1*1, UGT1A1*28",4,Metabolism/PK,ClinPGx
PA166234981,ADRB1,carvedilol,rs1801252,3,Efficacy,ClinPGx
PA166235001,ADRB1,carvedilol,rs1801253,3,Dosage,ClinPGx
PA166235021,ADRB1,carvedilol,rs1801253,4,Efficacy,ClinPGx
PA166135389,CYP2D6,propranolol,"CYP2D6*1, CYP2D6*10",4,Other,ClinPGx
PA166152623,ADRB2,propranolol,rs1042713,3,Efficacy,ClinPGx
PA166234462,COMT,propranolol,rs4680,3,Efficacy,ClinPGx
PA166134553,ABCB1,digoxin,rs1045642,3,Metabolism/PK,ClinPGx
PA166134595,ABCB1,digoxin,rs2032582,3,Other,ClinPGx
PA166135131,ABCB1,digoxin,rs1128503,3,Other,ClinPGx
PA166135756,NOS3,"Ace Inhibitors, Plain; Angiotensin II Antagonists; Beta Blocking Agents; digoxin; diuretics; spironolactone",rs1799983,3,Efficacy,ClinPGx
PA166152688,ADRB1,"Ace Inhibitors, Plain; Angiotensin II Antagonists; Beta Blocking Agents; digoxin; diuretics; spironolactone",rs1801253,3,Efficacy,ClinPGx
PA166152667,ADRB2,"Ace Inhibitors, Plain; Angiotensin II Antagonists; Beta Blocking Agents; digoxin; diuretics; spironolactone",rs1042713,3,Efficacy,ClinPGx
PA166270301,NOS1AP,digoxin,rs10494366,3,Toxicity,ClinPGx
PA166134046,KCNH2,amiodarone,rs12720441,3,Toxicity,ClinPGx
PA166134639,NOS1AP,amiodarone,rs10800397,3,Toxicity,ClinPGx
PA166134640,NOS1AP,amiodarone,rs10919035,3,Toxicity,ClinPGx
PA166159159,KCNE1,amiodarone; Antibiotics; antipsychotics; diuretics; quinidine; sotalol,rs1805128,3,Toxicity,ClinPGx
PA166135189,CYP2D6,flecainide,"CYP2D6*1, CYP2D6*4, CYP2D6*5, CYP2D6*10, CYP2D6*21, CYP2D6*36",1A,Metabolism/PK,ClinPGx
PA166135316,SCN4A,flecainide; mexiletine,rs80338792,3,Efficacy,ClinPGx
PA166185898,SCN4A,flecainide,rs121908547,3,Efficacy,ClinPGx
PA166185894,SCN4A,flecainide,rs1567817380,3,Efficacy,ClinPGx
PA166134855,MMP3,chlorthalidone; lisinopril,rs35068180,3,Efficacy,ClinPGx
PA166135030,ACE,amlodipine; chlorthalidone; lisinopril,rs4291,3,Efficacy,ClinPGx
PA166135112,ACE,lisinopril,rs1799752,4,Efficacy,ClinPGx
PA166136472,AGT,amlodipine; chlorthalidone; lisinopril,rs11122576,3,Efficacy,ClinPGx
PA166136473,AGT,amlodipine; chlorthalidone; lisinopril,rs11122576,3,Efficacy,ClinPGx
PA166136292,BDKRB2,enalapril; imidapril; lisinopril,rs1799722,3,Toxicity,ClinPGx
PA166153061,,amlodipine; chlorthalidone; lisinopril,rs12143842,3,Efficacy,ClinPGx
PA166153063,,amlodipine; chlorthalidone; lisinopril,rs200148,3,Toxicity,ClinPGx
PA166135092,ADRB2,enalapril,rs1042714,3,Efficacy,ClinPGx
PA166135508,NR3C2,enalapril,rs5522,3,Efficacy,ClinPGx
PA166134778,ACE,enalapril,rs1799752,3,Efficacy,ClinPGx
PA166152692,NOS3,enalapril,rs2070744,3,Efficacy,ClinPGx
PA166136319,,enalapril,rs495828,3,Toxicity,ClinPGx
PA166135758,BDKRB2,enalapril,rs1799722,3,Efficacy,ClinPGx
PA166136292,BDKRB2,enalapril; imidapril; lisinopril,rs1799722,3,Toxicity,ClinPGx
PA166136428,CES1,enalapril,rs71647871,3,Metabolism/PK,ClinPGx
PA166151942,SLCO1B1,enalapril,rs4149056,3,Toxicity,ClinPGx
PA166153485,VEGFA,enalapril,rs699947,3,Efficacy,ClinPGx
PA166134605,CYP2C9,losartan,rs1057910,3,Efficacy,ClinPGx
PA166134923,AGTR1,losartan,rs12721226,3,Efficacy,ClinPGx
PA166135352,CYP2C9,losartan,rs1934969,3,Other,ClinPGx
PA166135445,STK39,losartan,rs6749447,3,Efficacy,ClinPGx
PA166152702,AGTR1,losartan,rs5186,3,Efficacy,ClinPGx
PA166152707,AGTR1,losartan,rs5186,3,Efficacy,ClinPGx
PA166136372,CAMK1D,losartan,rs10752271,3,Efficacy,ClinPGx
PA166136373,CAMK1D,losartan,rs10737062,3,Efficacy,ClinPGx
PA166159573,ABCB1,losartan,rs1045642,3,Efficacy,ClinPGx
PA166158989,NPHS1,losartan,rs3814995,3,Efficacy,ClinPGx
PA166135102,CYP2C9,losartan,"CYP2C9*1, CYP2C9*2, CYP2C9*3, CYP2C9*5, CYP2C9*6, CYP2C9*8, CYP2C9*13, CYP2C9*59, CYP2C9*62",3,Metabolism/PK,ClinPGx
PA166165295,HLA-DRB3,heparin,HLA-DRB3*01:01,3,Toxicity,ClinPGx
PA166162405,ABCB1,rivaroxaban,rs1045642,3,Metabolism/PK,ClinPGx
PA166162407,ABCB1,rivaroxaban,rs2032582,3,Metabolism/PK,ClinPGx
PA166250601,ABCB1,rivaroxaban,rs1045642,3,Toxicity,ClinPGx
PA166285021,ABCB1,rivaroxaban,rs1045642,3,Metabolism/PK,ClinPGx
PA166178345,ABCG2,apixaban,rs2231142,3,Metabolism/PK,ClinPGx
PA166178351,CYP3A5,apixaban,rs776746,3,Metabolism/PK,ClinPGx
PA166250621,ABCB1,apixaban,rs4148738,3,Toxicity,ClinPGx
PA166134678,NOS3,aspirin; Beta Blocking Agents; clopidogrel; HMG-CoA reductase inhibitors,rs1799983,3,Toxicity,ClinPGx
PA166134737,ITGA2,aspirin; clopidogrel,rs1126643,3,Efficacy,ClinPGx
PA166134756,P2RY1,aspirin,rs1065776,3,Efficacy,ClinPGx
PA166134784,CEP68,aspirin,rs7572857,3,Toxicity,ClinPGx
PA166134785,FSIP1,aspirin,rs7179742,3,Toxicity,ClinPGx
PA166134787,IL4,aspirin,rs2243250,3,Toxicity,ClinPGx
PA166134789,ADORA1,aspirin,rs16851030,3,Toxicity,ClinPGx
PA166134790,GP6,aspirin,rs1613662,3,Efficacy,ClinPGx
PA166134791,FCER1G,aspirin,rs11587213,3,Toxicity,ClinPGx
PA166134793,TBXA2R,aspirin,rs1131882,3,Toxicity,ClinPGx
PA166134794,ITGA2,aspirin,rs1062535,3,Efficacy,ClinPGx
PA166134795,NTRK1,aspirin,rs2768759,3,Efficacy,ClinPGx
PA166134796,HNMT,aspirin,rs1050891,3,Toxicity,ClinPGx
PA166134822,PTGS1,aspirin; clopidogrel,rs10306114,3,Efficacy,ClinPGx
PA166134810,GP1BA,aspirin,rs6065,3,Efficacy,ClinPGx
PA166134808,F13A1,aspirin,rs5985,3,Efficacy,ClinPGx
PA166134542,PTGS2,aspirin,rs20417,3,Efficacy,ClinPGx
PA166134792,IL1B,aspirin,rs1143627,3,Toxicity,ClinPGx
PA166134821,ITGA2,aspirin; clopidogrel,rs1062535,3,Efficacy,ClinPGx
PA166134809,TBXA2R,aspirin,rs4523,3,Efficacy,ClinPGx
PA166134735,ITGB3,aspirin,rs5918,4,Efficacy,ClinPGx
PA166134786,PPARG,aspirin,rs3856806,3,Toxicity,ClinPGx
PA166134788,ADORA1,aspirin,rs2228079,3,Toxicity,ClinPGx
PA166134811,PTGS1,aspirin,rs10306114,3,Efficacy,ClinPGx
PA166134044,LTC4S,aspirin,rs730012,3,Toxicity,ClinPGx
PA166135312,PEAR1,aspirin; clopidogrel,rs12041331,3,Efficacy; Toxicity,ClinPGx
PA166135313,PEAR1,aspirin,rs12041331,3,Toxicity,ClinPGx
PA166135541,G6PD,aspirin,"G6PD B (reference), G6PD Mediterranean, Dallas, Panama, Sassari, Cagliari, Birmingham",3,Toxicity,ClinPGx
PA166136184,CYP2D6,aspirin,rs28360521,3,Toxicity,ClinPGx
PA166136190,HLA-DPB1,aspirin,rs3097671,3,Toxicity,ClinPGx
PA166136191,HLA-DPB1,aspirin,rs1042136,3,Toxicity,ClinPGx
PA166136194,,aspirin,rs1074373,3,Toxicity,ClinPGx
PA166135736,TAPBP,aspirin,rs1059288,3,Toxicity,ClinPGx
PA166136263,TAPBP,aspirin,rs2071888,3,Toxicity,ClinPGx
PA166136275,PTGIR,aspirin,rs1126510,3,Toxicity,ClinPGx
PA166136288,PTGER2,aspirin,rs1353411,3,Toxicity,ClinPGx
PA166135687,CHIA,aspirin,rs3818822,3,Toxicity,ClinPGx
PA166135688,SLC30A9,aspirin,rs1047626,3,Toxicity,ClinPGx
PA166136195,TSC1,aspirin,rs7862221,3,Toxicity,ClinPGx
PA166136196,THRA,aspirin,rs11819745,3,Toxicity,ClinPGx
PA166135792,ACE,aspirin,rs4291,3,Toxicity,ClinPGx
PA166136308,TLR3,aspirin,rs3775291,3,Toxicity,ClinPGx
PA166135781,PTGER2,aspirin,rs2075797,3,Toxicity,ClinPGx
PA166135782,CYP4F2,aspirin; clopidogrel,rs2108622,3,Other,ClinPGx
PA166135790,PTGER3,aspirin,rs7551789,3,Toxicity,ClinPGx
PA166135791,ACE,aspirin,rs4292,3,Toxicity,ClinPGx
PA166135833,COL26A1,aspirin,rs10279545,3,Toxicity,ClinPGx
PA166136475,PLA2G4A,acetaminophen; aspirin; diclofenac; propionic acid derivatives; Pyrazolones,rs12746200,3,Toxicity,ClinPGx
PA166136476,TNFRSF11A,acetaminophen; aspirin; diclofenac; propionic acid derivatives; Pyrazolones,rs1805034,3,Toxicity,ClinPGx
PA166136477,PLCG1,acetaminophen; aspirin; diclofenac; propionic acid derivatives; Pyrazolones,rs2228246,3,Toxicity,ClinPGx
PA166136152,HLA-DPB1,aspirin,HLA-DPB1*03:01,2B,Toxicity,ClinPGx
PA166136153,HLA-DPB1,aspirin,HLA-DPB1*04:01,3,Toxicity,ClinPGx
PA166136192,HLA-DPB1,aspirin,rs1042151,3,Toxicity,ClinPGx
PA166136193,HLA-DPB2,aspirin,rs3129294,3,Toxicity,ClinPGx
PA166135689,ZBTB22,aspirin,rs3130100,3,Toxicity,ClinPGx
PA166135771,TGFB1,aspirin,rs1800469,3,Toxicity,ClinPGx
PA166136309,AGT,aspirin,rs5050,3,Toxicity,ClinPGx
PA166153482,,"Antiinflammatory agents, non-steroids; aspirin",rs2965667,3,Other,ClinPGx
PA166177473,UGT1A6,aspirin,rs1105879,3,Efficacy,ClinPGx
PA166159030,SLC6A12,aspirin,rs557881,3,Toxicity,ClinPGx
PA166159033,PTGS2,aspirin,rs12042763,3,Efficacy,ClinPGx
PA166163792,TBXA2R,aspirin,rs1131882,3,Efficacy; Toxicity,ClinPGx
PA166158752,,"Antiinflammatory agents, non-steroids; aspirin",rs16973225,3,Other,ClinPGx
PA166177472,UGT1A6,aspirin,rs2070959,3,Efficacy,ClinPGx
PA166152883,NAT2,aspirin,rs4271002,3,Toxicity,ClinPGx
PA166152905,TBXAS1,aspirin,rs6962291,3,Toxicity,ClinPGx
PA166185371,PEAR1,aspirin; clopidogrel; prasugrel,rs12041331,3,Efficacy,ClinPGx
PA166185372,NTRK1; PEAR1,aspirin; prasugrel,rs2768759,3,Efficacy,ClinPGx
PA166258041,,aspirin,rs115346678,3,Toxicity,ClinPGx
PA166260504,EYA1,aspirin,rs12678747,3,Toxicity,ClinPGx
PA166268621,JMJD8; WDR24,aspirin; clopidogrel,rs11640115,3,Efficacy,ClinPGx
PA166268641,EFR3A,aspirin; clopidogrel,rs4736529,3,Efficacy,ClinPGx
PA166268661,NECAB1,aspirin; clopidogrel,rs74569896,3,Efficacy,ClinPGx
PA166268681,AGAP3,aspirin; clopidogrel,rs75750968,3,Efficacy,ClinPGx
PA166268721,ECHS1,aspirin; clopidogrel,rs140410716,3,Efficacy,ClinPGx
PA166269002,MYOM2,aspirin; clopidogrel,rs17064642,3,Efficacy,ClinPGx
PA166268701,ZDHHC3,aspirin; clopidogrel,rs3749187,3,Efficacy,ClinPGx
PA166268722,KRTAP10-4; TSPEAR,aspirin; clopidogrel,rs201441480,3,Efficacy,ClinPGx
PA166349622,TNF,aspirin,rs1800629,3,Efficacy,ClinPGx
PA166135509,NAT2,hydralazine,"NAT2*1, NAT2*4, NAT2*6, NAT2*7, NAT2*14, NAT2*16",1A,Efficacy,ClinPGx
PA166206761,NAT2,hydralazine,"NAT2*4, NAT2*5, NAT2*6, NAT2*7, NAT2*16",1A,Metabolism/PK,ClinPGx
PA166208441,NAT2,hydralazine,"NAT2*6, NAT2*7, NAT2*14, NAT2*16",1A,Toxicity,ClinPGx
