variant_id,variant_name,gene,chromosome,position,change_classification,source_database
rs3758580,rs3758580,CYP2C19,,,Synonymous,ClinPGx
rs3758581,rs3758581,CYP2C19,,,Missense,ClinPGx
rs3814637,rs3814637,CYP2C19,,,5' Flanking,ClinPGx
rs4244285,rs4244285,CYP2C19,,,Synonymous,ClinPGx
rs4417205,rs4417205,CYP2C19,,,Intronic,ClinPGx
rs4917623,rs4917623,CYP2C19,,,Intronic,ClinPGx
rs4986893,rs4986893,CYP2C19,,,Stop Codon,ClinPGx
rs4986894,rs4986894,CYP2C19,,,5' Flanking,ClinPGx
rs6413438,rs6413438,CYP2C19,,,Missense,ClinPGx
rs7088784,rs7088784,CYP2C19,,,Intronic,ClinPGx
rs7902257,rs7902257,CYP2C19,,,5' Flanking,ClinPGx
rs7916649,rs7916649,CYP2C19,,,Intronic,ClinPGx
rs11568732,rs11568732,CYP2C19,,,5' Flanking,ClinPGx
rs12248560,rs12248560,CYP2C19,,,5' Flanking,ClinPGx
rs12571421,rs12571421,CYP2C19,,,Intronic,ClinPGx
rs12768009,rs12768009,CYP2C19,,,Intronic,ClinPGx
rs12769205,rs12769205,CYP2C19,,,Intronic,ClinPGx
rs17878459,rs17878459,CYP2C19,,,Missense,ClinPGx
rs17878649,rs17878649,CYP2C19,,,Intronic,ClinPGx
rs17878739,rs17878739,CYP2C19,,,5' Flanking,ClinPGx
rs17879685,rs17879685,CYP2C19,,,Missense,ClinPGx
rs17879992,rs17879992,CYP2C19,,,Intronic,ClinPGx
rs17882687,rs17882687,CYP2C19,,,Missense,ClinPGx
rs17884712,rs17884712,CYP2C19,,,Missense,ClinPGx
rs17884832,rs17884832,CYP2C19,,,Intronic,ClinPGx
rs17885098,rs17885098,CYP2C19,,,Synonymous,ClinPGx
rs17886522,rs17886522,CYP2C19,,,Synonymous,ClinPGx
rs28399504,rs28399504,CYP2C19,,,Missense,ClinPGx
rs28399513,rs28399513,CYP2C19,,,Intronic,ClinPGx
rs41291556,rs41291556,CYP2C19,,,Missense,ClinPGx
rs55640102,rs55640102,CYP2C19,,,Not Available,ClinPGx
rs55752064,rs55752064,CYP2C19,,,Missense,ClinPGx
rs55948420,rs55948420,CYP2C19,,,Missense,ClinPGx
rs56337013,rs56337013,CYP2C19,,,Missense,ClinPGx
rs58973490,rs58973490,CYP2C19,,,Missense,ClinPGx
rs72552267,rs72552267,CYP2C19,,,Missense,ClinPGx
rs72558186,rs72558186,CYP2C19,,,Splice Donor,ClinPGx
rs111490789,rs111490789,CYP2C19,,,5' Flanking,ClinPGx
rs113934938,rs113934938,CYP2C19,,,Missense,ClinPGx
rs118203756,rs118203756,CYP2C19,,,Missense,ClinPGx
rs118203757,rs118203757,CYP2C19,,,Missense,ClinPGx
rs118203759,rs118203759,CYP2C19,,,Missense,ClinPGx
rs138142612,rs138142612,CYP2C19,,,Missense,ClinPGx
rs140278421,rs140278421,CYP2C19,,,Missense,ClinPGx
rs144036596,rs144036596,CYP2C19,,,Missense,ClinPGx
rs145119820,rs145119820,CYP2C19,,,Missense,ClinPGx
rs145328984,rs145328984,CYP2C19,,,Missense,ClinPGx
rs181297724,rs181297724,CYP2C19,,,Missense,ClinPGx
rs192154563,rs192154563,CYP2C19,,,Missense,ClinPGx
rs367543001,rs367543001,CYP2C19,,,5' UTR,ClinPGx
rs367543002,rs367543002,CYP2C19,,,Missense,ClinPGx
rs367543003,rs367543003,CYP2C19,,,Missense,ClinPGx
rs370803989,rs370803989,CYP2C19,,,Missense,ClinPGx
rs377184510,rs377184510,CYP2C19,,,Synonymous,ClinPGx
rs550527959,rs550527959,CYP2C19,,,Missense,ClinPGx
rs763625282,rs763625282,CYP2C19,,,Missense,ClinPGx
rs770829708,rs770829708,CYP2C19,,,Missense,ClinPGx
rs778258371,rs778258371,CYP2C19,,,Missense,ClinPGx
rs11188072,rs11188072,CYP2C19,,,Not Available,ClinPGx
PA166157913,CYP2C19 intermediate metabolizer,CYP2C19,,,Not Available,ClinPGx
PA166157938,CYP2C19 poor metabolizer,CYP2C19,,,Not Available,ClinPGx
PA166157942,CYP2C19 ultrarapid metabolizer,CYP2C19,,,Not Available,ClinPGx
rs200150287,rs200150287,CYP2C19,,,Missense,ClinPGx
rs749678783,rs749678783,CYP2C19,,,Missense,ClinPGx
rs1349931378,rs1349931378,CYP2C19,,,Missense,ClinPGx
rs764137538,rs764137538,CYP2C19,,,Missense,ClinPGx
PA166161835,CYP2C19 extensive metabolizer,CYP2C19,,,Not Available,ClinPGx
rs147255955,rs147255955,CYP2C19,,,Missense,ClinPGx
rs200346442,rs200346442,CYP2C19,,,Missense,ClinPGx
rs150152656,rs150152656,CYP2C19,,,Missense,ClinPGx
rs1267723490,rs1267723490,CYP2C19,,,Missense,ClinPGx
rs375781227,rs375781227,CYP2C19,,,Missense,ClinPGx
PA166178688,NM_000769.1:83,CYP2C19,,,Not Available,ClinPGx
PA166178689,NM_000769.1:151,CYP2C19,,,Not Available,ClinPGx
PA166178690,NM_000769.1:232,CYP2C19,,,Not Available,ClinPGx
PA166178691,NM_000769.1:296,CYP2C19,,,Not Available,ClinPGx
PA166178692,NM_000769.1:766,CYP2C19,,,Not Available,ClinPGx
PA166178693,NM_000769.1:1186,CYP2C19,,,Not Available,ClinPGx
PA166178694,NM_000769.1:1213,CYP2C19,,,Not Available,ClinPGx
PA166178695,NM_000769.1:1261,CYP2C19,,,Not Available,ClinPGx
rs559628884,rs559628884,CYP2C19,,,Missense,ClinPGx
rs1463550071,rs1463550071,CYP2C19,,,Missense,ClinPGx
PA166181389,[GRCh38]chr10:94762788,CYP2C19,,,Not Available,ClinPGx
PA166181390,[GRCh38]chr10:94762856,CYP2C19,,,Not Available,ClinPGx
PA166181391,[GRCh38]chr10:94775121,CYP2C19,,,Not Available,ClinPGx
PA166181392,[GRCh38]chr10:94775185,CYP2C19,,,Not Available,ClinPGx
PA166181393,[GRCh38]chr10:94781944,CYP2C19,,,Not Available,ClinPGx
rs144928727,rs144928727,CYP2C19,,,Missense,ClinPGx
rs61311738,rs61311738,CYP2C19,,,Missense,ClinPGx
rs183701923,rs183701923,CYP2C19,,,Missense,ClinPGx
rs1187513719,rs1187513719,CYP2C19,,,Missense,ClinPGx
rs17885179,rs17885179,CYP2C19,,,Missense,ClinPGx
rs142974781,rs142974781,CYP2C19,,,Missense,ClinPGx
rs59734894,rs59734894,CYP2C19,,,Missense,ClinPGx
rs149590953,rs149590953,CYP2C19,,,Missense,ClinPGx
rs149072229,rs149072229,CYP2C19,,,Missense,ClinPGx
rs141774245,rs141774245,CYP2C19,,,Missense,ClinPGx
rs146991374,rs146991374,CYP2C19,,,Missense,ClinPGx
rs201509150,rs201509150,CYP2C19,,,Missense,ClinPGx
rs143833145,rs143833145,CYP2C19,,,Missense,ClinPGx
rs57700608,rs57700608,CYP2C19,,,Missense,ClinPGx
rs147453531,rs147453531,CYP2C19,,,Missense,ClinPGx
rs61526399,rs61526399,CYP2C19,,,Missense,ClinPGx
rs572853437,rs572853437,CYP2C19,,,Missense,ClinPGx
rs368758960,rs368758960,CYP2C19,,,Missense,ClinPGx
rs201132803,rs201132803,CYP2C19,,,Missense,ClinPGx
rs377674118,rs377674118,CYP2C19,,,Missense,ClinPGx
rs144056033,rs144056033,CYP2C19,,,Missense,ClinPGx
rs58259047,rs58259047,CYP2C19,,,Missense,ClinPGx
rs148247410,rs148247410,CYP2C19,,,Missense,ClinPGx
rs150045105,rs150045105,CYP2C19,,,Missense,ClinPGx
rs761587034,rs761587034,CYP2C19,,,Missense,ClinPGx
rs141690375,rs141690375,CYP2C19,,,Missense,ClinPGx
rs779501712,rs779501712,CYP2C19,,,Missense,ClinPGx
rs138112316,rs138112316,CYP2C19,,,Missense,ClinPGx
rs186489608,rs186489608,CYP2C19,,,Missense,ClinPGx
rs563052490,rs563052490,CYP2C19,,,Missense,ClinPGx
rs568155950,rs568155950,CYP2C19,,,Missense,ClinPGx
PA166218466,NC_000010.11:g.94762788A>T,CYP2C19,,,Not Available,ClinPGx
PA166218467,NC_000010.11:g.94762856A>G,CYP2C19,,,Not Available,ClinPGx
PA166218468,NC_000010.11:g.94775121C>T,CYP2C19,,,Not Available,ClinPGx
PA166218469,NC_000010.11:g.94775185A>G,CYP2C19,,,Not Available,ClinPGx
PA166218470,NC_000010.11:g.94781944G>A,CYP2C19,,,Not Available,ClinPGx
rs6583954,rs6583954,CYP2C19,,,Intronic,ClinPGx
rs11528090,rs11528090,CYP2C19,,,Intronic,ClinPGx
rs1564656981,rs1564656981,CYP2C19,,,Missense,ClinPGx
rs1564657013,rs1564657013,CYP2C19,,,Missense,ClinPGx
rs1564660997,rs1564660997,CYP2C19,,,Missense,ClinPGx
rs1288601658,rs1288601658,CYP2C19,,,Missense,ClinPGx
rs11188082,rs11188082,CYP2C19,,,Intronic,ClinPGx
rs1466428833,rs1466428833,CYP2C19,,,Missense,ClinPGx
rs1361528097,rs1361528097,CYP2C19,,,Missense,ClinPGx
rs1431015009,rs1431015009,CYP2C19,,,Missense,ClinPGx
rs1393133490,rs1393133490,CYP2C19,,,Missense,ClinPGx
rs577255883,rs577255883,CYP2C19,,,Missense,ClinPGx
rs748832049,rs748832049,CYP2C19,,,Missense,ClinPGx
rs1410213756,rs1410213756,CYP2C19,,,Stop Codon,ClinPGx
rs778043881,rs778043881,CYP2C19,,,Missense,ClinPGx
rs1057910,rs1057910,CYP2C9,,,Missense,ClinPGx
rs1057911,rs1057911,CYP2C9,,,Synonymous,ClinPGx
rs1799853,rs1799853,CYP2C9,,,Missense,ClinPGx
rs1934969,rs1934969,CYP2C9,,,Intronic,ClinPGx
rs2256871,rs2256871,CYP2C9,,,Missense,ClinPGx
rs2860905,rs2860905,CYP2C9,,,Intronic,ClinPGx
rs4086116,rs4086116,CYP2C9,,,Intronic,ClinPGx
rs4917639,rs4917639,CYP2C9,,,Intronic,ClinPGx
rs4918758,rs4918758,CYP2C9,,,5' Flanking,ClinPGx
rs7089580,rs7089580,CYP2C9,,,Intronic,ClinPGx
rs7900194,rs7900194,CYP2C9,,,Missense,ClinPGx
rs9332094,rs9332094,CYP2C9,,,5' Flanking,ClinPGx
rs9332096,rs9332096,CYP2C9,,,5' Flanking,ClinPGx
rs9332104,rs9332104,CYP2C9,,,Intronic,ClinPGx
rs9332120,rs9332120,CYP2C9,,,Intronic,ClinPGx
rs9332127,rs9332127,CYP2C9,,,Intronic,ClinPGx
rs9332130,rs9332130,CYP2C9,,,Missense,ClinPGx
rs9332131,rs9332131,CYP2C9,,,Frameshift,ClinPGx
rs9332174,rs9332174,CYP2C9,,,Intronic,ClinPGx
rs9332197,rs9332197,CYP2C9,,,Intronic,ClinPGx
rs9332238,rs9332238,CYP2C9,,,Intronic,ClinPGx
rs9332239,rs9332239,CYP2C9,,,Missense,ClinPGx
rs10509680,rs10509680,CYP2C9,,,Intronic,ClinPGx
rs12414460,rs12414460,CYP2C9,,,Missense,ClinPGx
rs28371685,rs28371685,CYP2C9,,,Missense,ClinPGx
rs28371686,rs28371686,CYP2C9,,,Missense,ClinPGx
rs56165452,rs56165452,CYP2C9,,,Missense,ClinPGx
rs57505750,rs57505750,CYP2C9,,,Missense,ClinPGx
rs67807361,rs67807361,CYP2C9,,,Missense,ClinPGx
rs72558187,rs72558187,CYP2C9,,,Missense,ClinPGx
rs72558189,rs72558189,CYP2C9,,,Missense,ClinPGx
rs72558190,rs72558190,CYP2C9,,,Missense,ClinPGx
rs72558192,rs72558192,CYP2C9,,,Missense,ClinPGx
rs72558193,rs72558193,CYP2C9,,,Missense,ClinPGx
rs114071557,rs114071557,CYP2C9,,,Missense,ClinPGx
rs141011391,rs141011391,CYP2C9,,,Missense,ClinPGx
rs142240658,rs142240658,CYP2C9,,,Missense,ClinPGx
rs182132442,rs182132442,CYP2C9,,,Missense,ClinPGx
rs199523631,rs199523631,CYP2C9,,,Missense,ClinPGx
rs200965026,rs200965026,CYP2C9,,,Missense,ClinPGx
rs367826293,rs367826293,CYP2C9,,,Missense,ClinPGx
rs371055887,rs371055887,CYP2C9,,,Missense,ClinPGx
rs564813580,rs564813580,CYP2C9,,,Missense,ClinPGx
rs749060448,rs749060448,CYP2C9,,,Missense,ClinPGx
rs750820937,rs750820937,CYP2C9,,,Missense,ClinPGx
rs754487195,rs754487195,CYP2C9,,,Missense,ClinPGx
rs762239445,rs762239445,CYP2C9,,,Missense,ClinPGx
rs764211126,rs764211126,CYP2C9,,,Missense,ClinPGx
rs767284820,rs767284820,CYP2C9,,,Missense,ClinPGx
rs767576260,rs767576260,CYP2C9,,,Missense,ClinPGx
rs769942899,rs769942899,CYP2C9,,,Missense,ClinPGx
rs774550549,rs774550549,CYP2C9,,,Missense,ClinPGx
rs781583846,rs781583846,CYP2C9,,,Missense,ClinPGx
rs12782374,rs12782374,CYP2C9,,,Not Available,ClinPGx
rs71486745,rs71486745,CYP2C9,,,Not Available,ClinPGx
PA166157932,CYP2C9 poor metabolizer,CYP2C9,,,Not Available,ClinPGx
PA166157995,M61857.1:226,CYP2C9,,,Not Available,ClinPGx
PA166158078,M61857.1:620,CYP2C9,,,Not Available,ClinPGx
PA166158270,M61857.1:287,CYP2C9,,,Not Available,ClinPGx
PA166158271,M61857.1:1081,CYP2C9,,,Not Available,ClinPGx
PA166158272,M61857.1:1144,CYP2C9,,,Not Available,ClinPGx
PA166158273,M61857.1:1009,CYP2C9,,,Not Available,ClinPGx
PA166158455,M61857.1:329,CYP2C9,,,Not Available,ClinPGx
PA166158456,M61857.1:641,CYP2C9,,,Not Available,ClinPGx
PA166158457,M61857.1:664,CYP2C9,,,Not Available,ClinPGx
PA166158458,M61857.1:850,CYP2C9,,,Not Available,ClinPGx
PA166158459,M61857.1:949,CYP2C9,,,Not Available,ClinPGx
PA166158547,CYP2C9 c.353_362delAGAAATGGAA,CYP2C9,,,Not Available,ClinPGx
PA166158548,M61857.1:610,CYP2C9,,,Not Available,ClinPGx
PA166158549,M61857.1:896,CYP2C9,,,Not Available,ClinPGx
PA166158550,M61857.1:121,CYP2C9,,,Not Available,ClinPGx
PA166158645,M61857.1:356,CYP2C9,,,Not Available,ClinPGx
PA166158646,M61857.1:679,CYP2C9,,,Not Available,ClinPGx
PA166158647,M61857.1:1468,CYP2C9,,,Not Available,ClinPGx
PA166158648,M61857.1:1300,CYP2C9,,,Not Available,ClinPGx
rs200183364,rs200183364,CYP2C9,,,Missense,ClinPGx
PA166162672,M61857.1:353,CYP2C9,,,Not Available,ClinPGx
rs202201137,rs202201137,CYP2C9,,,Missense,ClinPGx
rs1237225311,rs1237225311,CYP2C9,,,Missense,ClinPGx
rs868182778,rs868182778,CYP2C9,,,Missense,ClinPGx
rs9332098,rs9332098,CYP2C9,,,5' Flanking,ClinPGx
rs1029359343,rs1029359343,CYP2C9,,,Missense,ClinPGx
rs2153628,rs2153628,CYP2C9,,,Intronic,ClinPGx
PA166183346,[GRCh38]chr10:94938803,CYP2C9,,,Not Available,ClinPGx
PA166183347,[GRCh38]chr10:94941915,CYP2C9,,,Not Available,ClinPGx
PA166183348,[GRCh38]chr10:94941976,CYP2C9,,,Not Available,ClinPGx
PA166183349,[GRCh38]chr10:94942018,CYP2C9,,,Not Available,ClinPGx
PA166183350,[GRCh38]chr10:94942213,CYP2C9,,,Not Available,ClinPGx
PA166162655,[GRCh38]chr10:94938803,CYP2C9,,,Not Available,ClinPGx
PA166162656,[GRCh38]chr10:94941915,CYP2C9,,,Not Available,ClinPGx
PA166162657,[GRCh38]chr10:94941976,CYP2C9,,,Not Available,ClinPGx
PA166162658,[GRCh38]chr10:94942018,CYP2C9,,,Not Available,ClinPGx
PA166162659,[GRCh38]chr10:94942213,CYP2C9,,,Not Available,ClinPGx
PA166162660,[GRCh38]chr10:94942216,CYP2C9,,,Not Available,ClinPGx
PA166162661,[GRCh38]chr10:94947907,CYP2C9,,,Not Available,ClinPGx
PA166162662,[GRCh38]chr10:94947917,CYP2C9,,,Not Available,ClinPGx
PA166162663,[GRCh38]chr10:94947938,CYP2C9,,,Not Available,ClinPGx
PA166162664,[GRCh38]chr10:94949129,CYP2C9,,,Not Available,ClinPGx
PA166162665,[GRCh38]chr10:94949144,CYP2C9,,,Not Available,ClinPGx
PA166162666,[GRCh38]chr10:94972174,CYP2C9,,,Not Available,ClinPGx
PA166162667,[GRCh38]chr10:94972180,CYP2C9,,,Not Available,ClinPGx
PA166162668,[GRCh38]chr10:94972233,CYP2C9,,,Not Available,ClinPGx
PA166162669,[GRCh38]chr10:94981302,CYP2C9,,,Not Available,ClinPGx
PA166162670,[GRCh38]chr10:94981365,CYP2C9,,,Not Available,ClinPGx
PA166162671,[GRCh38]chr10:94989023,CYP2C9,,,Not Available,ClinPGx
rs774607211,rs774607211,CYP2C9,,,Missense,ClinPGx
rs1326630788,rs1326630788,CYP2C9,,,Missense,ClinPGx
rs988617574,rs988617574,CYP2C9,,,Missense,ClinPGx
PA166183351,[GRCh38]chr10:94947907,CYP2C9,,,Not Available,ClinPGx
rs1274535931,rs1274535931,CYP2C9,,,Missense,ClinPGx
rs1250577724,rs1250577724,CYP2C9,,,Missense,ClinPGx
PA166183352,[GRCh38]chr10:94947938,CYP2C9,,,Not Available,ClinPGx
PA166183353,[GRCh38]chr10:94949129,CYP2C9,,,Not Available,ClinPGx
PA166183354,[GRCh38]chr10:94949144,CYP2C9,,,Not Available,ClinPGx
PA166183355,[GRCh38]chr10:94972134,CYP2C9,,,Not Available,ClinPGx
PA166183356,[GRCh38]chr10:94981365,CYP2C9,,,Not Available,ClinPGx
rs9332092,rs9332092,CYP2C9,,,5' Flanking,ClinPGx
PA166163461,[GRCh38]chr10:94972134,CYP2C9,,,Not Available,ClinPGx
rs544027339,rs544027339,CYP2C9,,,Missense,ClinPGx
PA166183337,[GRCh38]chr10:94942249,CYP2C9,,,Not Available,ClinPGx
PA166183344,[GRCh38]chr10:94988855,CYP2C9,,,Not Available,ClinPGx
rs762081829,rs762081829,CYP2C9,,,Missense,ClinPGx
rs771237265,rs771237265,CYP2C9,,,Missense,ClinPGx
rs761895497,rs761895497,CYP2C9,,,Missense,ClinPGx
rs149158426,rs149158426,CYP2C9,,,Synonymous,ClinPGx
rs368545396,rs368545396,CYP2C9,,,Missense,ClinPGx
rs138957855,rs138957855,CYP2C9,,,Missense,ClinPGx
rs776769484,rs776769484,CYP2C9,,,Missense,ClinPGx
rs141489852,rs141489852,CYP2C9,,,Missense,ClinPGx
rs150663116,rs150663116,CYP2C9,,,Missense,ClinPGx
rs199539783,rs199539783,CYP2C9,,,Missense,ClinPGx
rs147617899,rs147617899,CYP2C9,,,Missense,ClinPGx
rs59485260,rs59485260,CYP2C9,,,Missense,ClinPGx
rs139532088,rs139532088,CYP2C9,,,Missense,ClinPGx
rs373758696,rs373758696,CYP2C9,,,Missense,ClinPGx
rs530950257,rs530950257,CYP2C9,,,Missense,ClinPGx
rs17847037,rs17847037,CYP2C9,,,Missense,ClinPGx
rs150435881,rs150435881,CYP2C9,,,Missense,ClinPGx
rs187793133,rs187793133,CYP2C9,,,Missense,ClinPGx
rs139656048,rs139656048,CYP2C9,,,Missense,ClinPGx
rs373993395,rs373993395,CYP2C9,,,Missense,ClinPGx
rs200149294,rs200149294,CYP2C9,,,Missense,ClinPGx
rs771905380,rs771905380,CYP2C9,,,Missense,ClinPGx
rs750097042,rs750097042,CYP2C9,,,Missense,ClinPGx
rs766903671,rs766903671,CYP2C9,,,Missense,ClinPGx
rs773704286,rs773704286,CYP2C9,,,Missense,ClinPGx
rs148615754,rs148615754,CYP2C9,,,Missense,ClinPGx
rs780801862,rs780801862,CYP2C9,,,Missense,ClinPGx
PA166219762,NC_000010.11:g.94938803A>G,CYP2C9,,,Not Available,ClinPGx
PA166219763,NC_000010.11:g.94941915G>A,CYP2C9,,,Not Available,ClinPGx
PA166219764,NC_000010.11:g.94941976G>C,CYP2C9,,,Not Available,ClinPGx
PA166219765,NC_000010.11:g.94942018T>C,CYP2C9,,,Not Available,ClinPGx
PA166219766,NC_000010.11:g.94942213_94942222delAGAAATGGAA,CYP2C9,,,Not Available,ClinPGx
PA166219767,NC_000010.11:g.94942216A>G,CYP2C9,,,Not Available,ClinPGx
rs375805362,rs375805362,CYP2C9,,,Missense,ClinPGx
PA166219769,NC_000010.11:g.94947907A>C,CYP2C9,,,Not Available,ClinPGx
PA166219770,NC_000010.11:g.94947917T>C,CYP2C9,,,Not Available,ClinPGx
PA166219771,NC_000010.11:g.94947938A>T,CYP2C9,,,Not Available,ClinPGx
PA166219772,NC_000010.11:g.94949129A>G,CYP2C9,,,Not Available,ClinPGx
PA166219773,NC_000010.11:g.94949144C>T,CYP2C9,,,Not Available,ClinPGx
PA166219774,NC_000010.11:g.94972134A>G,CYP2C9,,,Not Available,ClinPGx
PA166219775,NC_000010.11:g.94972180C>G,CYP2C9,,,Not Available,ClinPGx
PA166219776,NC_000010.11:g.94972233C>T,CYP2C9,,,Not Available,ClinPGx
PA166219777,NC_000010.11:g.94981230C>A,CYP2C9,,,Not Available,ClinPGx
PA166219778,NC_000010.11:g.94981302C>A,CYP2C9,,,Not Available,ClinPGx
PA166219779,NC_000010.11:g.94981365C>T,CYP2C9,,,Not Available,ClinPGx
PA166219780,NC_000010.11:g.94988855A>T,CYP2C9,,,Not Available,ClinPGx
PA166219781,NC_000010.11:g.94989023G>T,CYP2C9,,,Not Available,ClinPGx
rs1304490498,rs1304490498,CYP2C9,,,Frameshift,ClinPGx
PA166243710,NC_000010.11:g.94947869A>G,CYP2C9,,,Not Available,ClinPGx
PA166243711,NC_000010.11:g.94972123C>G,CYP2C9,,,Not Available,ClinPGx
PA166243712,NC_000010.11:g.94981199G>T,CYP2C9,,,Not Available,ClinPGx
rs578144976,rs578144976,CYP2C9,,,Missense,ClinPGx
rs542577750,rs542577750,CYP2C9,,,Splice Donor,ClinPGx
rs776908257,rs776908257,CYP2C9,,,Missense,ClinPGx
PA166243716,NC_000010.11:g.94988880G>T,CYP2C9,,,Not Available,ClinPGx
rs2031308986,rs2031308986,CYP2C9,,,Missense,ClinPGx
PA166248282,NC_000010.11:g.94941915G>A,CYP2C9,,,Not Available,ClinPGx
PA166248283,NC_000010.11:g.94941976G>C,CYP2C9,,,Not Available,ClinPGx
PA166248284,NC_000010.11:g.94942018T>C,CYP2C9,,,Not Available,ClinPGx
PA166248285,NC_000010.11:g.94947869A>G,CYP2C9,,,Not Available,ClinPGx
PA166248286,NC_000010.11:g.94947907A>C,CYP2C9,,,Not Available,ClinPGx
rs2031531005,rs2031531005,CYP2C9,,,Missense,ClinPGx
PA166248288,NC_000010.11:g.94949129A>G,CYP2C9,,,Not Available,ClinPGx
PA166248289,NC_000010.11:g.94949144C>T,CYP2C9,,,Not Available,ClinPGx
PA166248290,NC_000010.11:g.94972123C>G,CYP2C9,,,Not Available,ClinPGx
PA166248291,NC_000010.11:g.94972134A>G,CYP2C9,,,Not Available,ClinPGx
PA166248292,NC_000010.11:g.94981199G>T,CYP2C9,,,Not Available,ClinPGx
PA166248293,NC_000010.11:g.94981365C>T,CYP2C9,,,Not Available,ClinPGx
PA166248294,NC_000010.11:g.94988855A>T,CYP2C9,,,Not Available,ClinPGx
PA166248295,NC_000010.11:g.94988880G>T,CYP2C9,,,Not Available,ClinPGx
rs1289704600,rs1289704600,CYP2C9,,,Missense,ClinPGx
PA166257323,NC_000010.11:g.94947439G>T,CYP2C9,,,Not Available,ClinPGx
rs1254213342,rs1254213342,CYP2C9,,,Missense,ClinPGx
rs17847029,rs17847029,CYP2C9,,,Intronic,ClinPGx
rs9332245,rs9332245,CYP2C9,,,3' UTR,ClinPGx
PA166269361,NC_000010.11:g.94938719T>G,CYP2C9,,,Not Available,ClinPGx
PA166269362,NC_000010.11:g.94938788C>T,CYP2C9,,,Not Available,ClinPGx
rs1364419386,rs1364419386,CYP2C9,,,Missense,ClinPGx
PA166269364,NC_000010.11:g.94941975G>A,CYP2C9,,,Not Available,ClinPGx
rs1375956433,rs1375956433,CYP2C9,,,Missense,ClinPGx
rs772782449,rs772782449,CYP2C9,,,Missense,ClinPGx
PA166269367,NC_000010.11:g.94949163del,CYP2C9,,,Not Available,ClinPGx
PA166269368,NC_000010.11:g.94972183A>T,CYP2C9,,,Not Available,ClinPGx
rs1297714792,rs1297714792,CYP2C9,,,Missense,ClinPGx
rs1441296358,rs1441296358,CYP2C9,,,Missense,ClinPGx
rs370100007,rs370100007,CYP2C9,,,Missense,ClinPGx
rs9332241,rs9332241,CYP2C9,,,3' UTR,ClinPGx
rs34532201,rs34532201,CYP2C9,,,Intronic,ClinPGx
rs1934968,rs1934968,CYP2C9,,,Intronic,ClinPGx
rs1856908,rs1856908,CYP2C9,,,Intronic,ClinPGx
rs9332220,rs9332220,CYP2C9,,,Intronic,ClinPGx
rs1216169538,rs1216169538,CYP2C9,,,Missense,ClinPGx
rs761033063,rs761033063,CYP2C9,,,Missense,ClinPGx
rs2493006942,rs2493006942,CYP2C9,,,Missense,ClinPGx
rs2492587526,rs2492587526,CYP2C9,,,Missense,ClinPGx
rs2492591692,rs2492591692,CYP2C9,,,Missense,ClinPGx
rs2492634549,rs2492634549,CYP2C9,,,Missense,ClinPGx
rs2492650213,rs2492650213,CYP2C9,,,Missense,ClinPGx
rs2492662738,rs2492662738,CYP2C9,,,Missense,ClinPGx
rs2492662839,rs2492662839,CYP2C9,,,Missense,ClinPGx
rs530507053,rs530507053,CYP2C9,,,Missense,ClinPGx
rs369745682,rs369745682,CYP2C9,,,Missense,ClinPGx
rs546318684,rs546318684,CYP2C9,,,Missense,ClinPGx
rs7294,rs7294,PRSS53; VKORC1,,,3' UTR,ClinPGx
rs2359612,rs2359612,PRSS53; VKORC1,,,Intronic,ClinPGx
rs2884737,rs2884737,VKORC1,,,Intronic,ClinPGx
rs7200749,rs7200749,PRSS53; VKORC1,,,Missense,ClinPGx
rs8050894,rs8050894,VKORC1,,,Intronic,ClinPGx
rs9923231,rs9923231,BCKDK; PRSS53; VKORC1,,,5' Flanking,ClinPGx
rs9934438,rs9934438,PRSS53; VKORC1,,,Intronic,ClinPGx
rs17708472,rs17708472,VKORC1,,,Intronic,ClinPGx
rs17878544,rs17878544,VKORC1,,,5' Flanking,ClinPGx
rs17886199,rs17886199,PRSS53; VKORC1,,,Intronic,ClinPGx
rs55894764,rs55894764,VKORC1,,,Synonymous,ClinPGx
rs61742245,rs61742245,PRSS53; VKORC1,,,Missense,ClinPGx
rs72547529,rs72547529,VKORC1,,,Intronic,ClinPGx
rs104894539,rs104894539,VKORC1,,,Missense,ClinPGx
rs104894540,rs104894540,VKORC1,,,Missense,ClinPGx
rs104894541,rs104894541,VKORC1,,,Missense,ClinPGx
rs104894542,rs104894542,PRSS53; VKORC1,,,Missense,ClinPGx
rs61162043,rs61162043,BCKDK; VKORC1,,,Not Available,ClinPGx
rs7196161,rs7196161,VKORC1,,,Not Available,ClinPGx
rs11150606,rs11150606,PRSS53; VKORC1,,,Missense,ClinPGx
rs17880887,rs17880887,VKORC1,,,Not Available,ClinPGx
rs56314408,rs56314408,VKORC1,,,Not Available,ClinPGx
rs749671,rs749671,VKORC1; ZNF646,,,Missense,ClinPGx
rs188009042,rs188009042,VKORC1,,,Intronic,ClinPGx
rs16947,rs16947,CYP2D6,,,Missense,ClinPGx
rs769258,rs769258,CYP2D6,,,Intronic,ClinPGx
rs1058164,rs1058164,CYP2D6,,,Intronic,ClinPGx
rs1065852,rs1065852,CYP2D6,,,Intronic,ClinPGx
rs1080983,rs1080983,CYP2D6,,,3' Flanking,ClinPGx
rs1080985,rs1080985,CYP2D6,,,3' Flanking,ClinPGx
rs1080989,rs1080989,CYP2D6,,,Intronic,ClinPGx
rs1080990,rs1080990,CYP2D6,,,Intronic,ClinPGx
rs1080993,rs1080993,CYP2D6,,,Intronic,ClinPGx
rs1080995,rs1080995,CYP2D6,,,Intronic,ClinPGx
rs1080996,rs1080996,CYP2D6,,,Intronic,ClinPGx
rs1081000,rs1081000,CYP2D6,,,Intronic,ClinPGx
rs1081003,rs1081003,CYP2D6,,,Synonymous,ClinPGx
rs1135821,rs1135821,CYP2D6,,,Synonymous,ClinPGx
rs1135822,rs1135822,CYP2D6,,,Intronic,ClinPGx
rs1135823,rs1135823,CYP2D6,,,Intronic,ClinPGx
rs1135824,rs1135824,CYP2D6,,,Missense,ClinPGx
rs1135840,rs1135840,CYP2D6,,,Missense,ClinPGx
rs1985842,rs1985842,CYP2D6,,,Intronic,ClinPGx
rs2004511,rs2004511,CYP2D6,,,Intronic,ClinPGx
rs3892097,rs3892097,CYP2D6,,,Splice Acceptor,ClinPGx
rs5030655,rs5030655,CYP2D6,,,Frameshift,ClinPGx
rs5030656,rs5030656,CYP2D6,,,Not Available,ClinPGx
rs5030862,rs5030862,CYP2D6,,,Missense,ClinPGx
rs5030865,rs5030865,CYP2D6,,,Intronic,ClinPGx
rs5030867,rs5030867,CYP2D6,,,Missense,ClinPGx
rs17002852,rs17002852,CYP2D6,,,Synonymous,ClinPGx
rs28371696,rs28371696,CYP2D6,,,Intronic,ClinPGx
rs28371699,rs28371699,CYP2D6,,,Intronic,ClinPGx
rs28371701,rs28371701,CYP2D6,,,Intronic,ClinPGx
rs28371702,rs28371702,CYP2D6,,,Intronic,ClinPGx
rs28371703,rs28371703,CYP2D6,,,Missense,ClinPGx
rs28371704,rs28371704,CYP2D6,,,Missense,ClinPGx
rs28371705,rs28371705,CYP2D6,,,Synonymous,ClinPGx
rs28371706,rs28371706,CYP2D6,,,Missense,ClinPGx
rs28371710,rs28371710,CYP2D6,,,Intronic,ClinPGx
rs28371717,rs28371717,CYP2D6,,,Missense,ClinPGx
rs28371718,rs28371718,CYP2D6,,,Synonymous,ClinPGx
rs28371725,rs28371725,CYP2D6,,,Intronic,ClinPGx
rs28371726,rs28371726,CYP2D6,,,Synonymous,ClinPGx
rs28371729,rs28371729,CYP2D6,,,Intronic,ClinPGx
rs28371730,rs28371730,CYP2D6,,,Intronic,ClinPGx
rs28371732,rs28371732,CYP2D6,,,Synonymous,ClinPGx
rs28371738,rs28371738,CYP2D6,,,3' Flanking,ClinPGx
rs28588594,rs28588594,CYP2D6,,,3' Flanking,ClinPGx
rs28624811,rs28624811,CYP2D6,,,Intronic,ClinPGx
rs28633410,rs28633410,CYP2D6,,,Intronic,ClinPGx
rs28695233,rs28695233,CYP2D6,,,Intronic,ClinPGx
rs28735595,rs28735595,CYP2D6,,,Intronic,ClinPGx
rs35742686,rs35742686,CYP2D6,,,Frameshift,ClinPGx
rs58188898,rs58188898,CYP2D6,,,3' Flanking,ClinPGx
rs59099247,rs59099247,CYP2D6,,,3' Flanking,ClinPGx
rs59360719,rs59360719,CYP2D6,,,Intronic,ClinPGx
rs59421388,rs59421388,CYP2D6,,,Missense,ClinPGx
rs61736512,rs61736512,CYP2D6,,,Intronic,ClinPGx
rs61736517,rs61736517,CYP2D6,,,Missense,ClinPGx
rs67497403,rs67497403,CYP2D6,,,Intronic,ClinPGx
rs72549346,rs72549346,CYP2D6,,,Frameshift,ClinPGx
rs72549348,rs72549348,CYP2D6,,,Missense,ClinPGx
rs72549349,rs72549349,CYP2D6,,,Splice Donor,ClinPGx
rs72549351,rs72549351,CYP2D6,,,Frameshift,ClinPGx
rs72549354,rs72549354,CYP2D6,,,Frameshift,ClinPGx
rs72549358,rs72549358,CYP2D6,,,Intronic,ClinPGx
rs1080997,rs1080997,CYP2D6,,,Intronic,ClinPGx
rs74802369,rs74802369,CYP2D6,,,Missense,ClinPGx
rs74962936,rs74962936,CYP2D6,,,Intronic,ClinPGx
rs74966855,rs74966855,CYP2D6,,,Intronic,ClinPGx
rs29001518,rs29001518,CYP2D6,,,Intronic,ClinPGx
rs75386357,rs75386357,CYP2D6,,,Missense,ClinPGx
rs28371721,rs28371721,CYP2D6,,,Intronic,ClinPGx
rs76088846,rs76088846,CYP2D6,,,Missense,ClinPGx
rs76187628,rs76187628,CYP2D6,,,Missense,ClinPGx
rs76210340,rs76210340,CYP2D6,,,3' Flanking,ClinPGx
rs1080998,rs1080998,CYP2D6,,,Intronic,ClinPGx
rs77312092,rs77312092,CYP2D6,,,Missense,ClinPGx
rs77913725,rs77913725,CYP2D6,,,Missense,ClinPGx
rs78459009,rs78459009,CYP2D6,,,Missense,ClinPGx
rs78482768,rs78482768,CYP2D6,,,Intronic,ClinPGx
rs79292917,rs79292917,CYP2D6,,,Synonymous,ClinPGx
rs79738337,rs79738337,CYP2D6,,,Intronic,ClinPGx
rs111606937,rs111606937,CYP2D6,,,Synonymous,ClinPGx
rs118203758,rs118203758,CYP2D6,,,Missense,ClinPGx
rs138100349,rs138100349,CYP2D6,,,Intronic,ClinPGx
rs138417770,rs138417770,CYP2D6,,,Intronic,ClinPGx
rs5030866,rs5030866,CYP2D6,,,Missense,ClinPGx
rs140513104,rs140513104,CYP2D6,,,Missense,ClinPGx
rs72549347,rs72549347,CYP2D6,,,Stop Codon,ClinPGx
rs148382141,rs148382141,CYP2D6,,,Intronic,ClinPGx
rs148769737,rs148769737,CYP2D6,,,Missense,ClinPGx
rs28371733,rs28371733,CYP2D6,,,Missense,ClinPGx
rs150163869,rs150163869,CYP2D6,,,Synonymous,ClinPGx
rs150445731,rs150445731,CYP2D6,,,Synonymous,ClinPGx
rs61737946,rs61737946,CYP2D6,,,Missense,ClinPGx
rs151226748,rs151226748,CYP2D6,,,Splice Donor,ClinPGx
rs188062577,rs188062577,CYP2D6,,,Intronic,ClinPGx
rs199535154,rs199535154,CYP2D6,,,Missense,ClinPGx
rs199849357,rs199849357,CYP2D6,,,Intronic,ClinPGx
rs201377835,rs201377835,CYP2D6,,,Splice Acceptor,ClinPGx
rs202102799,rs202102799,CYP2D6,,,Missense,ClinPGx
rs267608271,rs267608271,CYP2D6,,,Intronic,ClinPGx
rs267608272,rs267608272,CYP2D6,,,Intronic,ClinPGx
rs267608279,rs267608279,CYP2D6,,,Frameshift,ClinPGx
rs267608286,rs267608286,CYP2D6,,,3' Flanking,ClinPGx
rs267608289,rs267608289,CYP2D6,,,Intronic,ClinPGx
rs267608290,rs267608290,CYP2D6,,,Intronic,ClinPGx
rs267608291,rs267608291,CYP2D6,,,Intronic,ClinPGx
rs267608292,rs267608292,CYP2D6,,,Intronic,ClinPGx
rs267608293,rs267608293,CYP2D6,,,Missense,ClinPGx
rs267608295,rs267608295,CYP2D6,,,Missense,ClinPGx
rs267608297,rs267608297,CYP2D6,,,Missense,ClinPGx
rs267608298,rs267608298,CYP2D6,,,Missense,ClinPGx
rs267608300,rs267608300,CYP2D6,,,Intronic,ClinPGx
rs267608302,rs267608302,CYP2D6,,,Intronic,ClinPGx
rs267608305,rs267608305,CYP2D6,,,Intronic,ClinPGx
rs267608306,rs267608306,CYP2D6,,,Intronic,ClinPGx
rs267608308,rs267608308,CYP2D6,,,Missense,ClinPGx
rs267608309,rs267608309,CYP2D6,,,Missense,ClinPGx
rs267608310,rs267608310,CYP2D6,,,Missense,ClinPGx
rs267608311,rs267608311,CYP2D6,,,Missense,ClinPGx
rs267608313,rs267608313,CYP2D6,,,Intronic,ClinPGx
rs267608319,rs267608319,CYP2D6,,,Missense,ClinPGx
rs267608322,rs267608322,CYP2D6,,,Intronic,ClinPGx
rs367543000,rs367543000,CYP2D6,,,Missense,ClinPGx
rs67780109,rs67780109,CYP2D6,,,Missense,ClinPGx
rs371793722,rs371793722,CYP2D6,,,Missense,ClinPGx
rs372465406,rs372465406,CYP2D6,,,3' Flanking,ClinPGx
rs374616348,rs374616348,CYP2D6,,,Intronic,ClinPGx
rs375135093,rs375135093,CYP2D6,,,Intronic,ClinPGx
rs532668079,rs532668079,CYP2D6,,,Missense,ClinPGx
rs534009571,rs534009571,CYP2D6,,,Intronic,ClinPGx
rs72549356,rs72549356,CYP2D6,,,Not Available,ClinPGx
rs567606867,rs567606867,CYP2D6,,,Missense,ClinPGx
rs569229126,rs569229126,CYP2D6,,,Intronic,ClinPGx
rs730882170,rs730882170,CYP2D6,,,Frameshift,ClinPGx
rs730882251,rs730882251,CYP2D6,,,Missense,ClinPGx
rs745365204,rs745365204,CYP2D6,,,Missense,ClinPGx
rs745746329,rs745746329,CYP2D6,,,Missense,ClinPGx
rs748712690,rs748712690,CYP2D6,,,Missense,ClinPGx
rs750996195,rs750996195,CYP2D6,,,Missense,ClinPGx
rs72549353,rs72549353,CYP2D6,,,Frameshift,ClinPGx
rs763964554,rs763964554,CYP2D6,,,Stop Codon,ClinPGx
rs769157652,rs769157652,CYP2D6,,,Missense,ClinPGx
rs773790593,rs773790593,CYP2D6,,,Intronic,ClinPGx
rs774671100,rs774671100,CYP2D6,,,Frameshift,ClinPGx
rs774943042,rs774943042,CYP2D6,,,Intronic,ClinPGx
rs777560972,rs777560972,CYP2D6,,,Missense,ClinPGx
rs28360521,rs28360521,CYP2D6,,,Not Available,ClinPGx
PA166157916,CYP2D6 extensive metabolizer,CYP2D6,,,Not Available,ClinPGx
PA166157917,CYP2D6 intermediate metabolizer,CYP2D6,,,Not Available,ClinPGx
PA166157927,CYP2D6 poor metabolizer,CYP2D6,,,Not Available,ClinPGx
PA166157984,CYP2D6 EU098008.1; GQ162807.1; HM641839.1; HM641840.1; GQ162808.1; EU098009.1; EU093102.1; JN618990.1; HQ670229.1; GQ162806.1,CYP2D6,,,Not Available,ClinPGx
PA166158021,CYP2D6 1995delC,CYP2D6,,,Not Available,ClinPGx
PA166158022,CYP2D6 746C>G,CYP2D6,,,Not Available,ClinPGx
PA166158023,CYP2D6 1758G>T,CYP2D6,,,Not Available,ClinPGx
PA166158024,CYP2D6 3198C>G,CYP2D6,,,Not Available,ClinPGx
PA166158025,CYP2D6 3877G>C,CYP2D6,,,Not Available,ClinPGx
PA166158027,CYP2D6 4044C>T,CYP2D6,,,Not Available,ClinPGx
PA166158028,CYP2D6 4157T>G,CYP2D6,,,Not Available,ClinPGx
PA166158029,CYP2D6 *58 CYP2D7 gene conversion in intron 1,CYP2D6,,,Not Available,ClinPGx
PA166158030,CYP2D6 *68B-Similar but not identical switch region compared to CYP2D6*68A,CYP2D6,,,Not Available,ClinPGx
PA166158069,CYP2D6 JF307779.1,CYP2D6,,,Not Available,ClinPGx
PA166158096,CYP2D6 1693A>G,CYP2D6,,,Not Available,ClinPGx
PA166158097,CYP2D6 2853A>C,CYP2D6,,,Not Available,ClinPGx
PA166158098,CYP2D6 -750_-749delGA,CYP2D6,,,Not Available,ClinPGx
PA166158099,CYP2D6 843T>G,CYP2D6,,,Not Available,ClinPGx
PA166158100,CYP2D6 2308G>A,CYP2D6,,,Not Available,ClinPGx
PA166158101,CYP2D6 2573_2574insC,CYP2D6,,,Not Available,ClinPGx
PA166158102,CYP2D6 3181A>G,CYP2D6,,,Not Available,ClinPGx
PA166158104,CYP2D6 *68A CYP2D7 sequence from intron 1 onwards,CYP2D6,,,Not Available,ClinPGx
PA166158167,CYP2D6 EU530608.1,CYP2D6,,,Not Available,ClinPGx
PA166158196,CYP2D6 14C>T,CYP2D6,,,Not Available,ClinPGx
PA166158197,CYP2D6 607G>A,CYP2D6,,,Not Available,ClinPGx
PA166158198,CYP2D6 1023C>A,CYP2D6,,,Not Available,ClinPGx
PA166158199,CYP2D6 1735G>C,CYP2D6,,,Not Available,ClinPGx
PA166158200,CYP2D6 1720A>C/T,CYP2D6,,,Not Available,ClinPGx
PA166158201,CYP2D6 1887insTA,CYP2D6,,,Not Available,ClinPGx
PA166158202,CYP2D6 2927_2945delGATCCTACATCCGGATGTG,CYP2D6,,,Not Available,ClinPGx
PA166158203,CYP2D6 3277T>C,CYP2D6,,,Not Available,ClinPGx
PA166158204,CYP2D6 4110C>G,CYP2D6,,,Not Available,ClinPGx
PA166158205,CYP2D6 *10D CYP2D7-like 3'-flanking region,CYP2D6,,,Not Available,ClinPGx
PA166158206,CYP2D6 *31 CYP2D7 gene conversion in intron 1,CYP2D6,,,Not Available,ClinPGx
PA166158207,CYP2D6 *35B CYP2D7 conversion upstream of exon 1 (-225 to -431),CYP2D6,,,Not Available,ClinPGx
PA166158208,CYP2D6 *82-CYP2D7 gene conversion in exon 2,CYP2D6,,,Not Available,ClinPGx
PA166158209,"CYP2D6 Partial intron 1 conversion; SNPs 214, 221, 223, 227",CYP2D6,,,Not Available,ClinPGx
PA166158263,[GRCh38]chr22:42130192,CYP2D6,,,Not Available,ClinPGx
PA166158293,CYP2D6 -695_-692delTGTG,CYP2D6,,,Not Available,ClinPGx
PA166158294,CYP2D6 1863_1864ins(TTTCGCCCC)/1863_1864ins(TTTCGCCCC)2,CYP2D6,,,Not Available,ClinPGx
PA166158297,CYP2D6 4042G>A,CYP2D6,,,Not Available,ClinPGx
PA166158298,CYP2D6 4125_4133dupGTGCCCACT,CYP2D6,,,Not Available,ClinPGx
PA166158299,CYP2D6 *2A CYP2D7 gene conversion in intron 1,CYP2D6,,,Not Available,ClinPGx
PA166158300,CYP2D6 *2M CYP2D7 gene conversion in intron 1,CYP2D6,,,Not Available,ClinPGx
PA166158301,CYP2D6 *41 CYP2D7 gene conversion in intron 1,CYP2D6,,,Not Available,ClinPGx
PA166158302,CYP2D6 *51 CYP2D7 gene conversion in intron 1,CYP2D6,,,Not Available,ClinPGx
PA166158358,CYP2D6 EU530607.1,CYP2D6,,,Not Available,ClinPGx
PA166158393,CYP2D6 -1235A>G,CYP2D6,,,Not Available,ClinPGx
PA166158394,CYP2D6 310G>T,CYP2D6,,,Not Available,ClinPGx
PA166158395,CYP2D6 1022A>T,CYP2D6,,,Not Available,ClinPGx
PA166158396,CYP2D6 3030G>G/A,CYP2D6,,,Not Available,ClinPGx
PA166158398,CYP2D6 4094C>A,CYP2D6,,,Not Available,ClinPGx
PA166158399,CYP2D6 Variable number of A's in the region -1258 to -1237a,CYP2D6,,,Not Available,ClinPGx
PA166158477,CYP2D6 -1094_-1093insA,CYP2D6,,,Not Available,ClinPGx
PA166158478,CYP2D6 601delC,CYP2D6,,,Not Available,ClinPGx
PA166158479,CYP2D6 2576C>T,CYP2D6,,,Not Available,ClinPGx
PA166158480,CYP2D6 3268T>C,CYP2D6,,,Not Available,ClinPGx
PA166158481,CYP2D6 gene conversion to CYP2D7 in exon 9 (P469A; T470A; H478S; G479R; F481V; A482S),CYP2D6,,,Not Available,ClinPGx
PA166158482,CYP2D6 *61 CYP2D7 seq from intron 7 onwards,CYP2D6,,,Not Available,ClinPGx
PA166158544,[GRCh38]chr22:42130186,CYP2D6,,,Not Available,ClinPGx
PA166158580,CYP2D6 137_138insT,CYP2D6,,,Not Available,ClinPGx
PA166158581,CYP2D6 -629A>G,CYP2D6,,,Not Available,ClinPGx
PA166158582,CYP2D6 887C>T,CYP2D6,,,Not Available,ClinPGx
PA166158583,CYP2D6 3259_3260insGT,CYP2D6,,,Not Available,ClinPGx
PA166158584,CYP2D6 3895C>T,CYP2D6,,,Not Available,ClinPGx
PA166158585,CYP2D6 *63 CYP2D7 sequence from exon 8 onwards,CYP2D6,,,Not Available,ClinPGx
PA166158664,CYP2D6 2519A>C,CYP2D6,,,Not Available,ClinPGx
PA166158665,CYP2D6 2470T>C,CYP2D6,,,Not Available,ClinPGx
PA166158667,"CYP2D6 *13 CYP2D7/2D6 hybrid gene structure-varies depending upon exact variant(e.g. *13A1);all include 137_138insT, leading to obliteration of activity.",CYP2D6,,,Not Available,ClinPGx
PA166158668,CYP2D6 *56A CYP2D7  gene conversion in intron 1,CYP2D6,,,Not Available,ClinPGx
PA166158669,CYP2D6 more than 1 copy of the specified allele,CYP2D6,,,Not Available,ClinPGx
PA166158670,CYP2D6 Intron 1 conversion with CYP2D7 (214-245),CYP2D6,,,Not Available,ClinPGx
rs12169962,rs12169962,CYP2D6,,,3' Flanking,ClinPGx
rs4987144,rs4987144,CYP2D6,,,Intronic,ClinPGx
rs1135828,rs1135828,CYP2D6,,,Missense,ClinPGx
rs2267447,rs2267447,CYP2D6,,,Intronic,ClinPGx
rs530422334,rs530422334,CYP2D6,,,Intronic,ClinPGx
rs34167214,rs34167214,CYP2D6,,,Intronic,ClinPGx
PA166178960,[GRCh38]chr22:42129944,CYP2D6,,,Not Available,ClinPGx
PA166178961,[GRCh38]chr22:42129071,CYP2D6,,,Not Available,ClinPGx
PA166178962,[GRCh38]chr22:42129056,CYP2D6,,,Not Available,ClinPGx
PA166178963,[GRCh38]chr22:42128903,CYP2D6,,,Not Available,ClinPGx
PA166178964,[GRCh38]chr22:42128796,CYP2D6,,,Not Available,ClinPGx
PA166178967,[GRCh38]chr22:42126956,CYP2D6,,,Not Available,ClinPGx
PA166178969,[GRCh38]chr22:42126697,CYP2D6,,,Not Available,ClinPGx
PA166178970,[GRCh38]chr22:42126681,CYP2D6,,,Not Available,ClinPGx
PA166178972,[GRCh38]chr22:42126634,CYP2D6,,,Not Available,ClinPGx
rs575159870,rs575159870,CYP2D6,,,Intronic,ClinPGx
rs535642512,rs535642512,CYP2D6,,,Missense,ClinPGx
rs61731577,rs61731577,CYP2D6,,,Synonymous,ClinPGx
rs72549345,rs72549345,CYP2D6,,,Missense,ClinPGx
PA166181181,[GRCh38]chr22:42128218,CYP2D6,,,Not Available,ClinPGx
PA166181182,[GRCh38]chr22:42128201,CYP2D6,,,Not Available,ClinPGx
PA166181183,[GRCh38]chr22:42126666,CYP2D6,,,Not Available,ClinPGx
rs35534760,rs35534760,CYP2D6,,,Intronic,ClinPGx
rs34898711,rs34898711,CYP2D6,,,Intronic,ClinPGx
rs35046171,rs35046171,CYP2D6,,,Intronic,ClinPGx
rs34894147,rs34894147,CYP2D6,,,Intronic,ClinPGx
rs35023634,rs35023634,CYP2D6,,,Intronic,ClinPGx
rs35481113,rs35481113,CYP2D6,,,Intronic,ClinPGx
rs267608273,rs267608273,CYP2D6,,,Intronic,ClinPGx
rs267608294,rs267608294,CYP2D6,,,Missense,ClinPGx
rs1135832,rs1135832,CYP2D6,,,Synonymous,ClinPGx
rs1135833,rs1135833,CYP2D6,,,Missense,ClinPGx
rs1135835,rs1135835,CYP2D6,,,Missense,ClinPGx
rs1135836,rs1135836,CYP2D6,,,Synonymous,ClinPGx
rs28371735,rs28371735,CYP2D6,,,Missense,ClinPGx
rs766507177,rs766507177,CYP2D6,,,Missense,ClinPGx
rs1135837,rs1135837,CYP2D6,,,Missense,ClinPGx
rs1135838,rs1135838,CYP2D6,,,Missense,ClinPGx
rs1135839,rs1135839,CYP2D6,,,Missense,ClinPGx
rs74478221,rs74478221,CYP2D6,,,Missense,ClinPGx
rs75467367,rs75467367,CYP2D6,,,Missense,ClinPGx
rs747998333,rs747998333,CYP2D6,,,Synonymous,ClinPGx
rs28371736,rs28371736,CYP2D6,,,Missense,ClinPGx
PA166161837,CYP2D6 ultrarapid metabolizer,CYP2D6,,,Not Available,ClinPGx
rs545591749,rs545591749,CYP2D6,,,3' Flanking,ClinPGx
rs576829306,rs576829306,CYP2D6,,,3' Flanking,ClinPGx
rs544534350,rs544534350,CYP2D6,,,5' Flanking,ClinPGx
rs536645539,rs536645539,CYP2D6,,,Intronic,ClinPGx
rs566383351,rs566383351,CYP2D6,,,Intronic,ClinPGx
rs267608276,rs267608276,CYP2D6,,,Missense,ClinPGx
rs569439709,rs569439709,CYP2D6,,,Missense,ClinPGx
rs751092905,rs751092905,CYP2D6,,,Missense,ClinPGx
rs568495591,rs568495591,CYP2D6,,,Missense,ClinPGx
PA166169776,[GRCh38]chr22:42132048,CYP2D6,,,Not Available,ClinPGx
PA166169777,[GRCh38]chr22:42131884,CYP2D6,,,Not Available,ClinPGx
PA166169778,[GRCh38]chr22:42131540,CYP2D6,,,Not Available,ClinPGx
PA166169779,[GRCh38]chr22:42131420,CYP2D6,,,Not Available,ClinPGx
PA166169780,[GRCh38]chr22:42131222,CYP2D6,,,Not Available,ClinPGx
PA166169781,[GRCh38]chr22:42131145,CYP2D6,,,Not Available,ClinPGx
PA166169782,[GRCh38]chr22:42131125,CYP2D6,,,Not Available,ClinPGx
PA166169783,[GRCh38]chr22:42131122,CYP2D6,,,Not Available,ClinPGx
PA166169784,[GRCh38]chr22:42131119,CYP2D6,,,Not Available,ClinPGx
PA166169785,[GRCh38]chr22:42131118,CYP2D6,,,Not Available,ClinPGx
PA166169786,[GRCh38]chr22:42131112,CYP2D6,,,Not Available,ClinPGx
PA166169787,[GRCh38]chr22:42131111,CYP2D6,,,Not Available,ClinPGx
PA166169788,[GRCh38]chr22:42131067,CYP2D6,,,Not Available,ClinPGx
PA166169789,[GRCh38]chr22:42131066,CYP2D6,,,Not Available,ClinPGx
PA166169790,[GRCh38]chr22:42131063,CYP2D6,,,Not Available,ClinPGx
PA166169791,[GRCh38]chr22:42131059,CYP2D6,,,Not Available,ClinPGx
PA166169792,[GRCh38]chr22:42131058,CYP2D6,,,Not Available,ClinPGx
PA166169793,[GRCh38]chr22:42131023,CYP2D6,,,Not Available,ClinPGx
PA166169794,[GRCh38]chr22:42131016,CYP2D6,,,Not Available,ClinPGx
PA166169795,[GRCh38]chr22:42130512,CYP2D6,,,Not Available,ClinPGx
PA166169800,[GRCh38]chr22:42128217,CYP2D6,,,Not Available,ClinPGx
PA166169801,[GRCh38]chr22:42127938,CYP2D6,,,Not Available,ClinPGx
PA166169802,[GRCh38]chr22:42127523,CYP2D6,,,Not Available,ClinPGx
PA166169803,[GRCh38]chr22:42127082,CYP2D6,,,Not Available,ClinPGx
PA166169805,[GRCh38]chr22:42126914,CYP2D6,,,Not Available,ClinPGx
PA166169806,[GRCh38]chr22:42126904,CYP2D6,,,Not Available,ClinPGx
rs781457579,rs781457579,CYP2D6,,,Intronic,ClinPGx
rs1135825,rs1135825,CYP2D6,,,Intronic,ClinPGx
rs1135826,rs1135826,CYP2D6,,,Intronic,ClinPGx
rs17002853,rs17002853,CYP2D6,,,Missense,ClinPGx
rs72549352,rs72549352,CYP2D6,,,Frameshift,ClinPGx
rs1135829,rs1135829,CYP2D6,,,Missense,ClinPGx
rs949717872,rs949717872,CYP2D6,,,Missense,ClinPGx
rs1406719554,rs1406719554,CYP2D6,,,Missense,ClinPGx
rs141009491,rs141009491,CYP2D6,,,Missense,ClinPGx
rs78209835,rs78209835,CYP2D6,,,Missense,ClinPGx
rs1058172,rs1058172,CYP2D6,,,Missense,ClinPGx
rs61745683,rs61745683,CYP2D6,,,Missense,ClinPGx
rs747089665,rs747089665,CYP2D6,,,Missense,ClinPGx
rs3021084,rs3021084,CYP2D6,,,Missense,ClinPGx
rs369177208,rs369177208,CYP2D6,,,Missense,ClinPGx
PA166183210,[GRCh38]chr22:42130728,CYP2D6,,,Not Available,ClinPGx
PA166183211,[GRCh38]chr22:42129887,CYP2D6,,,Not Available,ClinPGx
PA166183212,[GRCh38]chr22:42129155,CYP2D6,,,Not Available,ClinPGx
PA166183213,[GRCh38]chr22:42128879,CYP2D6,,,Not Available,ClinPGx
PA166183214,[GRCh38]chr22:42127899,CYP2D6,,,Not Available,ClinPGx
PA166183215,[GRCh38]chr22:42127602,CYP2D6,,,Not Available,ClinPGx
PA166183216,[GRCh38]chr22:42126981,CYP2D6,,,Not Available,ClinPGx
PA166183217,[GRCh38]chr22:42126578,CYP2D6,,,Not Available,ClinPGx
PA166185289,[GRCh38]chr22:42127514,CYP2D6,,,Not Available,ClinPGx
PA166185290,[GRCh38]chr22:42126647,CYP2D6,,,Not Available,ClinPGx
PA166281701,NC_000022.11:g.42129740T>C,CYP2D6,,,Not Available,ClinPGx
rs556882139,rs556882139,CYP2D6,,,Missense,ClinPGx
rs1459127426,rs1459127426,CYP2D6,,,Missense,ClinPGx
rs755518310,rs755518310,CYP2D6,,,Missense,ClinPGx
rs763609904,rs763609904,CYP2D6,,,Frameshift,ClinPGx
rs777691989,rs777691989,CYP2D6,,,In-Frame Deletion,ClinPGx
rs1602566413,rs1602566413,CYP2D6,,,Missense,ClinPGx
rs563185985,rs563185985,CYP2D6,,,Missense,ClinPGx
PA166243621,NC_000022.11:g.42130728delG,CYP2D6,,,Not Available,ClinPGx
rs1456026511,rs1456026511,CYP2D6,,,Missense,ClinPGx
rs766391487,rs766391487,CYP2D6,,,Intronic,ClinPGx
rs1180015037,rs1180015037,CYP2D6,,,Intronic,ClinPGx
PA166243625,NC_000022.11:g.42129056C>G,CYP2D6,,,Not Available,ClinPGx
PA166243626,NC_000022.11:g.42128903_42128904insTA,CYP2D6,,,Not Available,ClinPGx
PA166243627,NC_000022.11:g.42128879A>G,CYP2D6,,,Not Available,ClinPGx
PA166243628,NC_000022.11:g.42128878C>A,CYP2D6,,,Not Available,ClinPGx
PA166243629,NC_000022.11:g.42128796delG,CYP2D6,,,Not Available,ClinPGx
rs377725912,rs377725912,CYP2D6,,,Splice Acceptor,ClinPGx
rs373813287,rs373813287,CYP2D6,,,Missense,ClinPGx
PA166243632,NC_000022.11:g.42128272T>G,CYP2D6,,,Not Available,ClinPGx
PA166243633,NC_000022.11:g.42127899T>C,CYP2D6,,,Not Available,ClinPGx
PA166243634,NC_000022.11:g.42127602C>T,CYP2D6,,,Not Available,ClinPGx
rs1555888910,rs1555888910,CYP2D6,,,Missense,ClinPGx
PA166243636,NC_000022.11:g.42127514A>G,CYP2D6,,,Not Available,ClinPGx
rs757396767,rs757396767,CYP2D6,,,Frameshift,ClinPGx
PA166243638,NC_000022.11:g.42126956T>G,CYP2D6,,,Not Available,ClinPGx
PA166243639,NC_000022.11:g.42126697G>T,CYP2D6,,,Not Available,ClinPGx
PA166243640,NC_000022.11:g.42126681G>C,CYP2D6,,,Not Available,ClinPGx
rs765776661,rs765776661,CYP2D6,,,Not Available,ClinPGx
rs141756339,rs141756339,CYP2D6,,,Missense,ClinPGx
PA166243643,NC_000022.11:g.42126634A>C,CYP2D6,,,Not Available,ClinPGx
PA166243644,NC_000022.11:g.42126633C>G,CYP2D6,,,Not Available,ClinPGx
PA166243645,NC_000022.11:g.42126627A>C,CYP2D6,,,Not Available,ClinPGx
rs1440526469,rs1440526469,CYP2D6,,,Missense,ClinPGx
PA166251197,NC_000022.11:g.42130729del,CYP2D6,,,Not Available,ClinPGx
PA166251198,NC_000022.11:g.42129056C>G,CYP2D6,,,Not Available,ClinPGx
PA166251199,NC_000022.11:g.42128903_42128904insTA,CYP2D6,,,Not Available,ClinPGx
PA166251200,NC_000022.11:g.42128879A>G,CYP2D6,,,Not Available,ClinPGx
PA166251201,NC_000022.11:g.42128878C>A,CYP2D6,,,Not Available,ClinPGx
PA166251202,NC_000022.11:g.42128796del,CYP2D6,,,Not Available,ClinPGx
PA166251203,NC_000022.11:g.42128272T>G,CYP2D6,,,Not Available,ClinPGx
PA166251204,NC_000022.11:g.42127899T>C,CYP2D6,,,Not Available,ClinPGx
PA166251205,NC_000022.11:g.42127602C>T,CYP2D6,,,Not Available,ClinPGx
PA166251206,NC_000022.11:g.42127514A>G,CYP2D6,,,Not Available,ClinPGx
rs1931013246,rs1931013246,CYP2D6,,,Missense,ClinPGx
PA166251208,NC_000022.11:g.42126697G>T,CYP2D6,,,Not Available,ClinPGx
PA166251209,NC_000022.11:g.42126681G>C,CYP2D6,,,Not Available,ClinPGx
PA166251210,NC_000022.11:g.42126634A>C,CYP2D6,,,Not Available,ClinPGx
PA166251211,NC_000022.11:g.42126633C>G,CYP2D6,,,Not Available,ClinPGx
PA166251212,NC_000022.11:g.42126627A>C,CYP2D6,,,Not Available,ClinPGx
rs76802407,rs76802407,CYP2D6,,,Missense,ClinPGx
rs373243894,rs373243894,CYP2D6,,,Missense,ClinPGx
rs536109057,rs536109057,CYP2D6,,,Stop Codon,ClinPGx
rs376636053,rs376636053,CYP2D6,,,Missense,ClinPGx
rs201006451,rs201006451,CYP2D6,,,Missense,ClinPGx
rs140900383,rs140900383,CYP2D6,,,Missense,ClinPGx
rs368858603,rs368858603,CYP2D6,,,Stop Codon,ClinPGx
rs141824015,rs141824015,CYP2D6,,,Missense,ClinPGx
rs760940331,rs760940331,CYP2D6,,,Missense,ClinPGx
PA166323722,NC_000022.11:g.42126625A>G,CYP2D6,,,Not Available,ClinPGx
rs111564371,rs111564371,CYP2D6,,,Intronic,ClinPGx
rs112568578,rs112568578,CYP2D6,,,Intronic,ClinPGx
rs28371713,rs28371713,CYP2D6,,,Synonymous,ClinPGx
rs1240247139,rs1240247139,CYP2D6,,,Frameshift,ClinPGx
rs1415188318,rs1415188318,CYP2D6,,,Missense,ClinPGx
rs2146937045,rs2146937045,CYP2D6,,,Missense,ClinPGx
rs747884067,rs747884067,CYP2D6,,,Missense,ClinPGx
rs3915951,rs3915951,CYP2D6,,,Missense,ClinPGx
rs1555888899,rs1555888899,CYP2D6,,,Missense,ClinPGx
rs566108360,rs566108360,CYP2D6,,,Missense,ClinPGx
PA166400505,NC_000022.11:g.42127842G>A,CYP2D6,,,Not Available,ClinPGx
PA166400506,NC_000022.11:g.42128332C>T,CYP2D6,,,Not Available,ClinPGx
PA166400507,NC_000022.11:g.42128876C>T,CYP2D6,,,Not Available,ClinPGx
PA166400508,NC_000022.11:g.42129880G>T,CYP2D6,,,Not Available,ClinPGx
rs150216909,rs150216909,CYP2D6,,,Missense,ClinPGx
rs993385303,rs993385303,CYP2D6,,,Missense,ClinPGx
rs538707090,rs538707090,CYP2D6,,,Missense,ClinPGx
rs1477736084,rs1477736084,CYP2D6,,,Missense,ClinPGx
rs1230912765,rs1230912765,CYP2D6,,,Missense,ClinPGx
rs1058171,rs1058171,CYP2D6,,,Missense,ClinPGx
rs2291073,rs2291073,SLCO1B1,,,Intronic,ClinPGx
rs2291075,rs2291075,SLCO1B1,,,Synonymous,ClinPGx
rs2306282,rs2306282,SLCO1B1,,,Missense,ClinPGx
rs2306283,rs2306283,SLCO1B1,,,Missense,ClinPGx
rs2900478,rs2900478,SLCO1B1,,,Intronic,ClinPGx
rs3829306,rs3829306,SLCO1B1,,,Intronic,ClinPGx
rs4149015,rs4149015,SLCO1B1,,,5' Flanking,ClinPGx
rs4149032,rs4149032,SLCO1B1,,,Intronic,ClinPGx
rs4149036,rs4149036,SLCO1B1,,,Intronic,ClinPGx
rs4149044,rs4149044,SLCO1B1,,,Intronic,ClinPGx
rs4149045,rs4149045,SLCO1B1,,,Intronic,ClinPGx
rs4149056,rs4149056,SLCO1B1,,,Missense,ClinPGx
rs4149057,rs4149057,SLCO1B1,,,Synonymous,ClinPGx
rs4149081,rs4149081,SLCO1B1,,,Intronic,ClinPGx
rs4149087,rs4149087,SLCO1B1,,,3' UTR,ClinPGx
rs4363657,rs4363657,SLCO1B1,,,Intronic,ClinPGx
rs11045818,rs11045818,SLCO1B1,,,Synonymous,ClinPGx
rs11045819,rs11045819,SLCO1B1,,,Missense,ClinPGx
rs11045821,rs11045821,SLCO1B1,,,Intronic,ClinPGx
rs11045852,rs11045852,SLCO1B1,,,Missense,ClinPGx
rs11045853,rs11045853,SLCO1B1,,,Missense,ClinPGx
rs11045872,rs11045872,SLCO1B1,,,Intronic,ClinPGx
rs11045879,rs11045879,SLCO1B1,,,Intronic,ClinPGx
rs34671512,rs34671512,SLCO1B1,,,Missense,ClinPGx
rs55737008,rs55737008,SLCO1B1,,,Missense,ClinPGx
rs55901008,rs55901008,SLCO1B1,,,Missense,ClinPGx
rs56061388,rs56061388,SLCO1B1,,,Missense,ClinPGx
rs56101265,rs56101265,SLCO1B1,,,Missense,ClinPGx
rs56199088,rs56199088,SLCO1B1,,,Missense,ClinPGx
rs56387224,rs56387224,SLCO1B1,,,Missense,ClinPGx
rs59113707,rs59113707,SLCO1B1,,,Missense,ClinPGx
rs59502379,rs59502379,SLCO1B1,,,Missense,ClinPGx
rs72559745,rs72559745,SLCO1B1,,,Missense,ClinPGx
rs72559746,rs72559746,SLCO1B1,,,Missense,ClinPGx
rs72559748,rs72559748,SLCO1B1,,,Missense,ClinPGx
rs79135870,rs79135870,SLCO1B1,,,Missense,ClinPGx
rs139257324,rs139257324,SLCO1B1,,,Missense,ClinPGx
rs140790673,rs140790673,SLCO1B1,,,Missense,ClinPGx
rs142965323,rs142965323,SLCO1B1,,,Missense,ClinPGx
rs200995543,rs200995543,SLCO1B1,,,Missense,ClinPGx
rs373327528,rs373327528,SLCO1B1,,,Missense,ClinPGx
PA166158269,NM_006446.4:1198,SLCO1B1,,,Not Available,ClinPGx
rs113681054,rs113681054,SLCO1B1,,,Not Available,ClinPGx
rs11045873,rs11045873,SLCO1B1,,,Intronic,ClinPGx
rs11045854,rs11045854,SLCO1B1,,,Synonymous,ClinPGx
rs12305884,rs12305884,SLCO1B1,,,Intronic,ClinPGx
rs11045874,rs11045874,SLCO1B1,,,Intronic,ClinPGx
rs4149034,rs4149034,SLCO1B1,,,Intronic,ClinPGx
rs2900476,rs2900476,SLCO1B1,,,Intronic,ClinPGx
rs1463565,rs1463565,SLCO1B1,,,Intronic,ClinPGx
rs4149026,rs4149026,SLCO1B1,,,Intronic,ClinPGx
rs2417955,rs2417955,SLCO1B1,,,Intronic,ClinPGx
rs4149035,rs4149035,SLCO1B1,,,Intronic,ClinPGx
rs10444413,rs10444413,SLCO1B1,,,Intronic,ClinPGx
rs10841753,rs10841753,SLCO1B1,,,Intronic,ClinPGx
rs4149014,rs4149014,SLCO1B1,,,5' Flanking,ClinPGx
rs4149086,rs4149086,SLCO1B1,,,3' UTR,ClinPGx
rs58310495,rs58310495,SLCO1B1,,,Intronic,ClinPGx
PA166224482,NC_000012.12:g.21202553T>G,SLCO1B1,,,Not Available,ClinPGx
rs1940852753,rs1940852753,SLCO1B1,,,Missense,ClinPGx
PA166251741,NC_000012.12:g.21176871G>A,SLCO1B1,,,Not Available,ClinPGx
rs77271279,rs77271279,SLCO1B1,,,Splice Donor,ClinPGx
rs141467543,rs141467543,SLCO1B1,,,Missense,ClinPGx
rs183501729,rs183501729,SLCO1B1,,,Stop Codon,ClinPGx
rs72559747,rs72559747,SLCO1B1,,,Missense,ClinPGx
rs74064213,rs74064213,SLCO1B1,,,Missense,ClinPGx
rs71581941,rs71581941,SLCO1B1,,,Stop Codon,ClinPGx
PA166254061,NC_000012.12:g.21176871G>A,SLCO1B1,,,Not Available,ClinPGx
rs1228465562,rs1228465562,SLCO1B1,,,Missense,ClinPGx
rs999278,rs999278,SLCO1B1,,,Intronic,ClinPGx
rs374113543,rs374113543,SLCO1B1,,,Missense,ClinPGx
rs34234515,rs34234515,SLCO1B1,,,Intronic,ClinPGx
rs200331427,rs200331427,SLCO1B1,,,Missense,ClinPGx
rs201722521,rs201722521,SLCO1B1,,,Missense,ClinPGx
rs756393362,rs756393362,SLCO1B1,,,Splice Donor,ClinPGx
rs200994482,rs200994482,SLCO1B1,,,Splice Donor,ClinPGx
rs185905373,rs185905373,SLCO1B1,,,Missense,ClinPGx
rs556524705,rs556524705,SLCO1B1,,,Missense,ClinPGx
rs61760182,rs61760182,SLCO1B1,,,Missense,ClinPGx
rs145144129,rs145144129,SLCO1B1,,,Missense,ClinPGx
rs183624077,rs183624077,SLCO1B1,,,Stop Codon,ClinPGx
rs774094004,rs774094004,SLCO1B1,,,Frameshift,ClinPGx
rs759508960,rs759508960,SLCO1B1,,,Frameshift,ClinPGx
rs1236039015,rs1236039015,SLCO1B1,,,Frameshift,ClinPGx
rs754640873,rs754640873,SLCO1B1,,,Stop Codon,ClinPGx
rs745619193,rs745619193,SLCO1B1,,,Stop Codon,ClinPGx
rs748791061,rs748791061,SLCO1B1,,,Frameshift,ClinPGx
rs1851426,rs1851426,CYP3A4,,,5' Flanking,ClinPGx
rs2242480,rs2242480,CYP3A4,,,Intronic,ClinPGx
rs2246709,rs2246709,CYP3A4,,,Intronic,ClinPGx
rs2687116,rs2687116,CYP3A4,,,Intronic,ClinPGx
rs2740574,rs2740574,CYP3A4,,,5' Flanking,ClinPGx
rs3735451,rs3735451,CYP3A4,,,Intronic,ClinPGx
rs4646437,rs4646437,CYP3A4,,,Intronic,ClinPGx
rs4646438,rs4646438,CYP3A4,,,Frameshift,ClinPGx
rs4646440,rs4646440,CYP3A4,,,Intronic,ClinPGx
rs4986907,rs4986907,CYP3A4,,,Missense,ClinPGx
rs4986908,rs4986908,CYP3A4,,,Missense,ClinPGx
rs4986909,rs4986909,CYP3A4,,,Missense,ClinPGx
rs4986910,rs4986910,CYP3A4,,,Missense,ClinPGx
rs4986913,rs4986913,CYP3A4,,,Missense,ClinPGx
rs4986914,rs4986914,CYP3A4,,,5' Flanking,ClinPGx
rs4987161,rs4987161,CYP3A4,,,Missense,ClinPGx
rs6956344,rs6956344,CYP3A4,,,Intronic,ClinPGx
rs12333983,rs12333983,CYP3A4,,,3' Flanking,ClinPGx
rs12721627,rs12721627,CYP3A4,,,Missense,ClinPGx
rs12721629,rs12721629,CYP3A4,,,Missense,ClinPGx
rs12721634,rs12721634,CYP3A4,,,Missense,ClinPGx
rs28371759,rs28371759,CYP3A4,,,Missense,ClinPGx
rs35599367,rs35599367,CYP3A4,,,Intronic,ClinPGx
rs55785340,rs55785340,CYP3A4,,,Missense,ClinPGx
rs55901263,rs55901263,CYP3A4,,,Missense,ClinPGx
rs55951658,rs55951658,CYP3A4,,,Missense,ClinPGx
rs56324128,rs56324128,CYP3A4,,,Missense,ClinPGx
rs57409622,rs57409622,CYP3A4,,,Missense,ClinPGx
rs67666821,rs67666821,CYP3A4,,,Frameshift,ClinPGx
rs67784355,rs67784355,CYP3A4,,,Missense,ClinPGx
rs72552798,rs72552798,CYP3A4,,,Missense,ClinPGx
rs72552799,rs72552799,CYP3A4,,,Missense,ClinPGx
rs113667357,rs113667357,CYP3A4,,,Missense,ClinPGx
PA166158243,CYP3A4 -444T>G,CYP3A4,,,Not Available,ClinPGx
PA166158244,CYP3A4 -369T>A,CYP3A4,,,Not Available,ClinPGx
PA166158333,CYP3A4 -630A>G,CYP3A4,,,Not Available,ClinPGx
PA166158334,CYP3A4 14200T>G,CYP3A4,,,Not Available,ClinPGx
PA166158335,CYP3A4 15727G>A,CYP3A4,,,Not Available,ClinPGx
PA166158336,CYP3A4 16775A>G,CYP3A4,,,Not Available,ClinPGx
PA166158426,CYP3A4 -655A>G,CYP3A4,,,Not Available,ClinPGx
PA166158520,CYP3A4 -62C>A,CYP3A4,,,Not Available,ClinPGx
PA166158521,CYP3A4 -747C>G,CYP3A4,,,Not Available,ClinPGx
PA166158522,CYP3A4 26206C>A,CYP3A4,,,Not Available,ClinPGx
PA166158613,CYP3A4 -156C>A,CYP3A4,,,Not Available,ClinPGx
PA166158614,CYP3A4 15809T>C,CYP3A4,,,Not Available,ClinPGx
PA166158705,CYP3A4 6077A>G,CYP3A4,,,Not Available,ClinPGx
PA166158706,CYP3A4 17815_17816delAT,CYP3A4,,,Not Available,ClinPGx
PA166158707,CYP3A4 26013T>C,CYP3A4,,,Not Available,ClinPGx
PA166158708,CYP3A4 -845-844insATGGAGTGA,CYP3A4,,,Not Available,ClinPGx
PA166158709,CYP3A4 20148A>G,CYP3A4,,,Not Available,ClinPGx
rs35564277,rs35564277,CYP3A4,,,Intronic,ClinPGx
rs774109750,rs774109750,CYP3A4,,,Missense,ClinPGx
rs188389063,rs188389063,CYP3A4,,,Missense,ClinPGx
rs756833413,rs756833413,CYP3A4,,,Missense,ClinPGx
rs368296206,rs368296206,CYP3A4,,,Missense,ClinPGx
rs1303250043,rs1303250043,CYP3A4,,,Missense,ClinPGx
rs778013004,rs778013004,CYP3A4,,,Missense,ClinPGx
rs1449865051,rs1449865051,CYP3A4,,,Missense,ClinPGx
rs570051168,rs570051168,CYP3A4,,,Missense,ClinPGx
rs138105638,rs138105638,CYP3A4,,,Stop Codon,ClinPGx
rs201821708,rs201821708,CYP3A4,,,Missense,ClinPGx
rs1226205448,rs1226205448,CYP3A4,,,Missense,ClinPGx
PA166313062,NC_000007.14:g.99780036G>A,CYP3A4,,,Not Available,ClinPGx
PA166313063,NC_000007.14:g.99770196T>C,CYP3A4,,,Not Available,ClinPGx
rs3208361,rs3208361,CYP3A4,,,Missense,ClinPGx
rs145582851,rs145582851,CYP3A4,,,Missense,ClinPGx
rs1429705359,rs1429705359,CYP3A4,,,Missense,ClinPGx
PA166313067,NC_000007.14:g.99762054A>T,CYP3A4,,,Not Available,ClinPGx
rs1584538410,rs1584538410,CYP3A4,,,Missense,ClinPGx
rs1318364992,rs1318364992,CYP3A4,,,Missense,ClinPGx
PA166316402,NC_000007.14:g.99762069T>G,CYP3A4,,,Not Available,ClinPGx
rs28371763,rs28371763,CYP3A4,,,3' UTR,ClinPGx
rs2485889420,rs2485889420,CYP3A4,,,Missense,ClinPGx
rs2485908963,rs2485908963,CYP3A4,,,Missense,ClinPGx
rs1483230173,rs1483230173,CYP3A4,,,Missense,ClinPGx
rs15524,rs15524,CYP3A5; ZSCAN25,,,3' UTR,ClinPGx
rs776746,rs776746,CYP3A5; ZSCAN25,,,3' Flanking,ClinPGx
rs10264272,rs10264272,CYP3A5; ZSCAN25,,,Not Available,ClinPGx
rs17161788,rs17161788,CYP3A5; ZSCAN25,,,3' UTR,ClinPGx
rs28365083,rs28365083,CYP3A5; ZSCAN25,,,Not Available,ClinPGx
rs28365085,rs28365085,CYP3A5; ZSCAN25,,,3' Flanking,ClinPGx
rs28383468,rs28383468,CYP3A5; ZSCAN25,,,5' UTR,ClinPGx
rs28383469,rs28383469,CYP3A5; ZSCAN25,,,5' UTR,ClinPGx
rs28383479,rs28383479,CYP3A5; ZSCAN25,,,Not Available,ClinPGx
rs41279854,rs41279854,CYP3A5; ZSCAN25,,,Not Available,ClinPGx
rs41303343,rs41303343,CYP3A5; ZSCAN25,,,Frameshift,ClinPGx
rs55817950,rs55817950,CYP3A5; ZSCAN25,,,5' UTR,ClinPGx
rs56244447,rs56244447,CYP3A5; ZSCAN25,,,5' UTR,ClinPGx
rs56411402,rs56411402,CYP3A5; ZSCAN25,,,Not Available,ClinPGx
rs72552791,rs72552791,CYP3A5; ZSCAN25,,,5' UTR,ClinPGx
rs76293380,rs76293380,CYP3A5; ZSCAN25,,,Frameshift,ClinPGx
PA166157939,CYP3A5 deficiency,CYP3A5,,,Not Available,ClinPGx
PA166157945,CYP3A5 poor metabolizer,CYP3A5,,,Not Available,ClinPGx
PA166158052,NG_000004.3:240096,CYP3A5,,,Not Available,ClinPGx
PA166158137,NG_000004.3:240108,CYP3A5,,,Not Available,ClinPGx
PA166158327,NG_000004.3:257344,CYP3A5,,,Not Available,ClinPGx
PA166158420,NG_000004.3:267231,CYP3A5,,,Not Available,ClinPGx
PA166158513,NG_000004.3:253289,CYP3A5,,,Not Available,ClinPGx
PA166158608,NG_000004.3:257084,CYP3A5,,,Not Available,ClinPGx
PA166158609,NG_000004.3:253133,CYP3A5,,,Not Available,ClinPGx
PA166158697,NG_000004.3:269963,CYP3A5,,,Not Available,ClinPGx
rs185148048,rs185148048,CYP3A5; ZSCAN25,,,5' UTR,ClinPGx
rs3800959,rs3800959,CYP3A5; ZSCAN25,,,3' UTR,ClinPGx
rs771525579,rs771525579,CYP3A5; ZSCAN25,,,3' Flanking,ClinPGx
rs780439718,rs780439718,CYP3A5; ZSCAN25,,,5' UTR,ClinPGx
rs4646450,rs4646450,CYP3A5; ZSCAN25,,,3' UTR,ClinPGx
rs55965422,rs55965422,CYP3A5; ZSCAN25,,,Not Available,ClinPGx
rs4646453,rs4646453,CYP3A5; ZSCAN25,,,Not Available,ClinPGx
rs6977165,rs6977165,CYP3A5; ZSCAN25,,,Stop Codon,ClinPGx
rs4646449,rs4646449,CYP3A5; ZSCAN25,,,3' UTR,ClinPGx
rs28365094,rs28365094,CYP3A5; ZSCAN25,,,Intronic,ClinPGx
rs1801252,rs1801252,ADRB1,,,Missense,ClinPGx
rs1801253,rs1801253,ADRB1,,,Missense,ClinPGx
rs11959113,rs11959113,ADRB2,,,Not Available,ClinPGx
rs1042711,rs1042711,ADRB2,,,5' UTR,ClinPGx
rs1042713,rs1042713,ADRB2,,,Missense,ClinPGx
rs1042714,rs1042714,ADRB2,,,Missense,ClinPGx
rs1800888,rs1800888,ADRB2,,,Missense,ClinPGx
rs2053044,rs2053044,ADRB2,,,5' Flanking,ClinPGx
rs2400707,rs2400707,ADRB2,,,5' Flanking,ClinPGx
rs1042718,rs1042718,ADRB2,,,Missense,ClinPGx
rs1042719,rs1042719,ADRB2,,,Synonymous,ClinPGx
rs1042717,rs1042717,ADRB2,,,Synonymous,ClinPGx
rs4291,rs4291,ACE,,,5' Flanking,ClinPGx
rs4292,rs4292,ACE,,,5' Flanking,ClinPGx
rs4331,rs4331,ACE,,,Synonymous,ClinPGx
rs4341,rs4341,ACE,,,Intronic,ClinPGx
rs4343,rs4343,ACE,,,Synonymous,ClinPGx
rs4344,rs4344,ACE,,,Intronic,ClinPGx
rs4359,rs4359,ACE,,,Intronic,ClinPGx
rs4363,rs4363,ACE,,,Intronic,ClinPGx
rs1799752,rs1799752,ACE,,,Intronic,ClinPGx
rs4646994,rs4646994,ACE,,,Not Available,ClinPGx
rs5882,rs5882,CETP,,,Not Available,ClinPGx
rs5883,rs5883,CETP,,,3' Flanking,ClinPGx
rs708272,rs708272,CETP,,,Intronic,ClinPGx
rs1532624,rs1532624,CETP,,,Intronic,ClinPGx
rs1800775,rs1800775,CETP,,,5' Flanking,ClinPGx
rs4783961,rs4783961,CETP,,,5' Flanking,ClinPGx
rs9930761,rs9930761,CETP,,,3' UTR,ClinPGx
rs3764261,rs3764261,CETP,,,Not Available,ClinPGx
rs3761738,rs3761738,HMGCR,,,5' Flanking,ClinPGx
rs3761739,rs3761739,HMGCR,,,5' Flanking,ClinPGx
rs3846662,rs3846662,HMGCR,,,Intronic,ClinPGx
rs3846663,rs3846663,HMGCR,,,Intronic,ClinPGx
rs4629571,rs4629571,HMGCR,,,3' Flanking,ClinPGx
rs4704209,rs4704209,HMGCR,,,Intronic,ClinPGx
rs6453131,rs6453131,HMGCR,,,Intronic,ClinPGx
rs10038095,rs10038095,HMGCR,,,Intronic,ClinPGx
rs12654264,rs12654264,HMGCR,,,Intronic,ClinPGx
rs17238484,rs17238484,HMGCR,,,Intronic,ClinPGx
rs17238540,rs17238540,HMGCR,,,Intronic,ClinPGx
rs17244841,rs17244841,HMGCR,,,Intronic,ClinPGx
rs17671591,rs17671591,HMGCR,,,Not Available,ClinPGx
rs10474433,rs10474433,HMGCR,,,Not Available,ClinPGx
rs7552841,rs7552841,PCSK9,,,Intronic,ClinPGx
rs11591147,rs11591147,PCSK9,,,Not Available,ClinPGx
rs1799983,rs1799983,NOS3,,,Missense,ClinPGx
rs2070744,rs2070744,NOS3,,,Not Available,ClinPGx
rs61722009,rs61722009,NOS3,,,Intronic,ClinPGx
rs6018,rs6018,F5,,,Missense,ClinPGx
rs6025,rs6025,F5,,,Missense,ClinPGx
rs7542281,rs7542281,F5,,,Intronic,ClinPGx
rs4524,rs4524,F5,,,Missense,ClinPGx
rs6020,rs6020,F5,,,Missense,ClinPGx
rs200157005,rs200157005,F5,,,Missense,ClinPGx
rs149389480,rs149389480,F5,,,Missense,ClinPGx
rs143509841,rs143509841,F5,,,Missense,ClinPGx
rs9332695,rs9332695,F5,,,Missense,ClinPGx
rs6019,rs6019,F5,,,5' UTR,ClinPGx
rs140530655,rs140530655,F5,,,Missense,ClinPGx
rs368967198,rs368967198,F5,,,Intronic,ClinPGx
rs5896,rs5896,F2,,,Missense,ClinPGx
rs1799963,rs1799963,F2,,,3' UTR,ClinPGx
rs3136516,rs3136516,F2,,,Intronic,ClinPGx
rs17367504,rs17367504,CLCN6; MTHFR,,,Intronic,ClinPGx
rs17421511,rs17421511,MTHFR,,,Intronic,ClinPGx
rs1476413,rs1476413,MTHFR,,,Intronic,ClinPGx
rs1801131,rs1801131,C1orf167; CLCN6; MTHFR,,,Missense,ClinPGx
rs1801133,rs1801133,CLCN6; MTHFR,,,Missense,ClinPGx
rs2274976,rs2274976,MTHFR,,,Intronic,ClinPGx
rs3737967,rs3737967,C1orf167; MTHFR,,,3' UTR,ClinPGx
rs4846051,rs4846051,MTHFR,,,Missense,ClinPGx
rs121434294,rs121434294,MTHFR,,,Intronic,ClinPGx
